{"type":"FeatureCollection","features":[{"type":"Feature","properties":{"id":"01","ars":"01","gen":"Schleswig-Holstein"},"geometry":{"type":"MultiPolygon","coordinates":[[[[9.698,53.561],[9.6996,53.56],[9.6916,53.5616],[9.6929,53.5616],[9.6949,53.5615],[9.6967,53.5612],[9.698,53.561]]],[[[11.2094,54.4141],[11.209,54.4141],[11.2085,54.4141],[11.2081,54.4143],[11.2075,54.4147],[11.207,54.4153],[11.2072,54.4159],[11.2078,54.4165],[11.2085,54.4165],[11.2089,54.4164],[11.2101,54.4157],[11.2103,54.4154],[11.2103,54.4149],[11.2098,54.4144],[11.2094,54.4141]]],[[[9.5643,54.5075],[9.5614,54.5083],[9.5645,54.5101],[9.5643,54.5075]]],[[[9.7195,53.5587],[9.7303,53.558],[9.7163,53.5585],[9.7195,53.5587]]],[[[8.5104,54.5273],[8.5072,54.5276],[8.5167,54.529],[8.5104,54.5273]]],[[[11.0825,54.4389],[11.0835,54.4387],[11.0844,54.4387],[11.085,54.4387],[11.0857,54.4387],[11.0861,54.4388],[11.0868,54.4384],[11.0873,54.4384],[11.0881,54.4385],[11.0884,54.4383],[11.0894,54.438],[11.0909,54.4382],[11.0913,54.4381],[11.09,54.4375],[11.0896,54.4371],[11.0898,54.4368],[11.0901,54.4364],[11.0895,54.436],[11.0886,54.4359],[11.0868,54.4363],[11.086,54.4368],[11.0854,54.4373],[11.0832,54.4379],[11.0821,54.4383],[11.0818,54.4385],[11.0815,54.4388],[11.0818,54.4389],[11.0825,54.4389]]],[[[8.7715,54.637],[8.7719,54.6367],[8.7719,54.6365],[8.7717,54.6363],[8.7712,54.6363],[8.7706,54.6364],[8.7698,54.6366],[8.7692,54.6368],[8.7685,54.6368],[8.7675,54.6366],[8.7661,54.6363],[8.7649,54.6359],[8.7639,54.6356],[8.7633,54.6354],[8.7627,54.6352],[8.7621,54.6352],[8.7616,54.6354],[8.7612,54.6357],[8.7612,54.636],[8.7615,54.6362],[8.762,54.6364],[8.7626,54.6367],[8.7632,54.6369],[8.764,54.6372],[8.7649,54.6374],[8.7657,54.6377],[8.7664,54.6378],[8.7674,54.6379],[8.7682,54.638],[8.769,54.638],[8.7697,54.6381],[8.7705,54.6378],[8.771,54.6374],[8.7715,54.637]]],[[[9.5573,53.6378],[9.5568,53.6377],[9.5563,53.6377],[9.5558,53.6378],[9.5551,53.6383],[9.5545,53.6386],[9.5539,53.6392],[9.5536,53.6397],[9.5531,53.6403],[9.5525,53.6407],[9.552,53.6412],[9.5515,53.6417],[9.5512,53.6423],[9.5507,53.6428],[9.5503,53.6434],[9.5497,53.6441],[9.5493,53.6446],[9.549,53.6452],[9.5488,53.6458],[9.5487,53.6462],[9.5487,53.6466],[9.5497,53.646],[9.5504,53.6454],[9.5512,53.6449],[9.5519,53.6445],[9.5526,53.6443],[9.5535,53.644],[9.5541,53.6437],[9.5548,53.6433],[9.5554,53.6429],[9.556,53.6423],[9.5562,53.6417],[9.5562,53.641],[9.5563,53.6403],[9.5565,53.6396],[9.5567,53.6388],[9.557,53.6384],[9.5572,53.638],[9.5573,53.6378]]],[[[8.7312,54.4676],[8.7363,54.4678],[8.7272,54.4623],[8.7185,54.4664],[8.7312,54.4676]]],[[[8.5528,54.4597],[8.545,54.4654],[8.5477,54.4686],[8.562,54.4648],[8.5528,54.4597]]],[[[8.825,54.6043],[8.8332,54.6034],[8.8189,54.5948],[8.8081,54.604],[8.825,54.6043]]],[[[7.92,54.188],[7.9182,54.1813],[7.9108,54.1807],[7.9014,54.1874],[7.92,54.188]]],[[[7.8839,54.1889],[7.8903,54.1847],[7.8918,54.1803],[7.8885,54.1782],[7.8943,54.1749],[7.8896,54.1723],[7.8691,54.1878],[7.8839,54.1889]]],[[[8.699,54.6809],[8.7131,54.6801],[8.7097,54.6724],[8.6851,54.6716],[8.681,54.6752],[8.699,54.6809]]],[[[9.417,53.7593],[9.4068,53.7687],[9.3887,53.7997],[9.4089,53.7759],[9.417,53.7593]]],[[[8.8156,54.5527],[8.8283,54.5498],[8.8278,54.5458],[8.8202,54.5433],[8.7894,54.5519],[8.8046,54.5557],[8.8156,54.5527]]],[[[8.6895,54.06],[8.7004,54.058],[8.6843,54.0522],[8.6985,54.0461],[8.6806,54.0506],[8.6789,54.0561],[8.6825,54.0629],[8.6973,54.0693],[8.6987,54.0671],[8.6871,54.0609],[8.6895,54.06]]],[[[8.7374,54.6434],[8.7376,54.6346],[8.7287,54.6289],[8.7191,54.6273],[8.71,54.6319],[8.7175,54.6409],[8.7374,54.6434]]],[[[9.5444,53.6567],[9.5529,53.6387],[9.5645,53.6334],[9.5587,53.6261],[9.535,53.6454],[9.5423,53.665],[9.5444,53.6567]]],[[[9.5265,53.6658],[9.4957,53.7108],[9.5106,53.7071],[9.5205,53.6984],[9.5307,53.6728],[9.5265,53.6658]]],[[[8.5182,54.5788],[8.5327,54.5752],[8.5573,54.5786],[8.5662,54.5675],[8.5727,54.5657],[8.5735,54.5606],[8.548,54.557],[8.5381,54.5648],[8.5154,54.5706],[8.5085,54.5767],[8.5182,54.5788]]],[[[8.6568,54.6437],[8.606,54.6329],[8.5966,54.636],[8.5846,54.6341],[8.562,54.6271],[8.5476,54.6178],[8.5289,54.6273],[8.5405,54.6364],[8.6027,54.6419],[8.637,54.6492],[8.6519,54.6576],[8.6635,54.6559],[8.6568,54.6437]]],[[[8.3833,54.6396],[8.3794,54.6365],[8.3819,54.6304],[8.4019,54.6262],[8.3546,54.6241],[8.3296,54.6416],[8.3044,54.6665],[8.327,54.693],[8.3495,54.7091],[8.3593,54.7114],[8.3428,54.6988],[8.3366,54.6874],[8.3499,54.6754],[8.3611,54.6498],[8.3833,54.6396]]],[[[8.7068,54.5487],[8.706,54.5376],[8.6967,54.5238],[8.687,54.5209],[8.691,54.5165],[8.689,54.5103],[8.7019,54.5022],[8.6996,54.501],[8.6857,54.5101],[8.6791,54.5],[8.6698,54.4945],[8.6249,54.4891],[8.595,54.5064],[8.5883,54.5157],[8.5878,54.5289],[8.5953,54.5338],[8.6261,54.5356],[8.641,54.5454],[8.6686,54.5475],[8.6877,54.5548],[8.7061,54.5534],[8.7068,54.5487]]],[[[8.5633,54.7524],[8.5863,54.7436],[8.5887,54.741],[8.5843,54.7302],[8.597,54.7191],[8.5824,54.711],[8.5756,54.702],[8.5768,54.6962],[8.5719,54.6927],[8.5768,54.6925],[8.5665,54.68],[8.4727,54.6822],[8.4522,54.6927],[8.4028,54.7002],[8.395,54.7088],[8.4037,54.7293],[8.4273,54.7462],[8.4703,54.7523],[8.4811,54.7493],[8.5173,54.751],[8.5342,54.7559],[8.5633,54.7524]]],[[[11.0862,54.5306],[11.1655,54.5225],[11.1968,54.5091],[11.2334,54.5017],[11.2424,54.4935],[11.2526,54.4718],[11.2755,54.4569],[11.2794,54.4459],[11.2981,54.4308],[11.3018,54.4196],[11.312,54.4092],[11.3127,54.4023],[11.2419,54.4121],[11.2124,54.4113],[11.1975,54.4067],[11.1945,54.4138],[11.2092,54.4136],[11.2105,54.4174],[11.191,54.4218],[11.1737,54.42],[11.1661,54.4128],[11.1805,54.4055],[11.1866,54.4093],[11.1776,54.4021],[11.121,54.4021],[11.0951,54.4095],[11.0949,54.4226],[11.1018,54.4316],[11.1008,54.4364],[11.0965,54.4365],[11.0951,54.4455],[11.0764,54.4497],[11.0748,54.4453],[11.0739,54.4496],[11.0632,54.4528],[11.0534,54.4497],[11.0533,54.4456],[11.0479,54.4479],[11.022,54.443],[11.0221,54.4375],[11.0329,54.4372],[11.0471,54.4283],[11.0074,54.4429],[11.0044,54.4508],[11.0103,54.4826],[11.0312,54.5118],[11.0642,54.5351],[11.0862,54.5306]]],[[[8.4492,55.0496],[8.4642,55.0457],[8.4482,55.0424],[8.4324,55.0489],[8.3962,55.0462],[8.3992,55.0353],[8.4243,55.0337],[8.4313,55.0254],[8.4404,55.0231],[8.44,55.0159],[8.3799,54.9968],[8.3528,54.9679],[8.3617,54.9578],[8.3583,54.9517],[8.3629,54.9433],[8.3598,54.9343],[8.3617,54.9248],[8.3668,54.9241],[8.3609,54.9179],[8.3653,54.9051],[8.3806,54.892],[8.4237,54.878],[8.4865,54.8767],[8.5115,54.8842],[8.6103,54.8884],[8.6359,54.8948],[8.638,54.9113],[8.6803,54.9105],[8.728,54.8927],[8.7551,54.8968],[8.7769,54.8927],[8.7763,54.8955],[8.799,54.9046],[8.824,54.9068],[8.8594,54.8966],[8.892,54.9049],[8.9479,54.9026],[9.0148,54.8864],[9.0482,54.8719],[9.0912,54.8702],[9.136,54.8739],[9.2401,54.85],[9.2448,54.8439],[9.2353,54.8353],[9.2358,54.8311],[9.2501,54.8097],[9.2733,54.8118],[9.2841,54.8096],[9.2861,54.8045],[9.2948,54.8019],[9.2935,54.809],[9.3293,54.8056],[9.3436,54.8002],[9.3431,54.8071],[9.3738,54.8211],[9.3746,54.8333],[9.3788,54.8331],[9.3827,54.8392],[9.4036,54.8389],[9.4111,54.8423],[9.418,54.8382],[9.4162,54.8338],[9.4204,54.8319],[9.4273,54.8163],[9.4376,54.8089],[9.4285,54.8001],[9.4367,54.7887],[9.4382,54.8028],[9.4527,54.8075],[9.465,54.8225],[9.4991,54.8233],[9.5167,54.8389],[9.5232,54.8368],[9.5401,54.8483],[9.5719,54.8571],[9.5737,54.8637],[9.5858,54.8662],[9.5892,54.8764],[9.6132,54.8772],[9.5996,54.8667],[9.59,54.8522],[9.5904,54.8444],[9.6038,54.8311],[9.6229,54.8319],[9.6536,54.8205],[9.6626,54.8235],[9.7102,54.8089],[9.7607,54.8014],[9.7723,54.7958],[9.7919,54.7978],[9.8097,54.7776],[9.8328,54.7607],[9.8456,54.756],[9.8757,54.7527],[9.8823,54.7639],[9.8945,54.7711],[9.8931,54.7677],[9.9054,54.7633],[9.9067,54.7692],[9.8997,54.7728],[9.9043,54.7818],[9.9016,54.788],[9.9092,54.8],[9.9131,54.7955],[9.9572,54.7799],[9.9766,54.7574],[9.9814,54.733],[9.9896,54.7176],[10.0353,54.6896],[10.0337,54.6723],[10.0334,54.6779],[10.0274,54.6786],[10.035,54.6843],[10.0244,54.682],[10.0306,54.6874],[10.0216,54.6844],[10.0302,54.6904],[10.0266,54.6918],[10.0243,54.6872],[10.0203,54.6884],[10.0232,54.6922],[10.0165,54.6939],[9.9912,54.6824],[9.9881,54.685],[9.9943,54.6892],[9.9924,54.6978],[9.9833,54.701],[9.9727,54.69],[9.979,54.6879],[9.978,54.6825],[9.9678,54.6833],[9.9626,54.6788],[9.9486,54.6783],[9.9379,54.6732],[9.9402,54.6718],[9.9298,54.6338],[9.937,54.6328],[9.9315,54.6281],[9.9138,54.6289],[9.9096,54.6347],[9.9056,54.6316],[9.9094,54.6279],[9.8915,54.6228],[9.8767,54.6096],[9.8594,54.6022],[9.8333,54.5972],[9.8395,54.5944],[9.8259,54.5916],[9.8225,54.5848],[9.8119,54.5877],[9.8241,54.5943],[9.8049,54.588],[9.8025,54.5794],[9.8095,54.5871],[9.8155,54.5847],[9.812,54.5798],[9.7933,54.5738],[9.7738,54.575],[9.7814,54.579],[9.7706,54.5807],[9.7633,54.5676],[9.7689,54.5681],[9.769,54.5651],[9.754,54.5583],[9.7379,54.5421],[9.7349,54.5323],[9.7137,54.5331],[9.7199,54.5303],[9.7122,54.5201],[9.7028,54.5194],[9.6972,54.5274],[9.6466,54.5238],[9.6501,54.5207],[9.6392,54.5214],[9.6339,54.5131],[9.6259,54.5218],[9.6331,54.5263],[9.6271,54.5311],[9.6037,54.5264],[9.6049,54.5206],[9.5874,54.5102],[9.5567,54.513],[9.5451,54.5088],[9.5604,54.5018],[9.5752,54.5013],[9.6246,54.5118],[9.6361,54.5083],[9.6473,54.5103],[9.6647,54.5069],[9.674,54.4963],[9.6907,54.4906],[9.7085,54.4917],[9.7123,54.5007],[9.697,54.5186],[9.7151,54.5171],[9.7217,54.5292],[9.727,54.5285],[9.7226,54.5216],[9.7258,54.52],[9.7355,54.525],[9.766,54.5262],[9.7591,54.5288],[9.74,54.5243],[9.7347,54.5276],[9.7425,54.5299],[9.7394,54.536],[9.7447,54.5364],[9.7492,54.5468],[9.7605,54.5488],[9.7657,54.5557],[9.7738,54.5585],[9.7793,54.5566],[9.7744,54.5528],[9.7782,54.5535],[9.8025,54.5666],[9.8198,54.5826],[9.8391,54.5844],[9.8417,54.5914],[9.8446,54.5885],[9.8779,54.5986],[9.9056,54.6146],[9.938,54.6233],[9.9358,54.6284],[9.9452,54.6367],[9.938,54.6454],[9.9367,54.6505],[9.9416,54.655],[9.9381,54.6607],[9.9488,54.6744],[9.9769,54.6738],[9.9895,54.6699],[9.9885,54.6639],[9.9978,54.6654],[9.9986,54.6719],[10.0034,54.6739],[10.0103,54.6615],[10.0302,54.664],[10.0329,54.6691],[10.0282,54.6723],[10.0349,54.6706],[10.0327,54.6625],[10.0169,54.6636],[10.0143,54.6602],[10.0345,54.6576],[10.0309,54.6414],[10.0336,54.6207],[10.0268,54.6035],[10.0275,54.5838],[10.0225,54.5827],[10.0277,54.5815],[10.027,54.5513],[10.0148,54.5451],[9.9983,54.5217],[9.9647,54.5025],[9.8798,54.4759],[9.8329,54.4736],[9.8417,54.474],[9.8438,54.4612],[9.8579,54.4505],[9.868,54.4481],[9.9137,54.4524],[9.9232,54.4597],[9.9245,54.4572],[9.9323,54.4609],[9.9243,54.4623],[10.1259,54.4852],[10.1582,54.4751],[10.1889,54.4577],[10.1993,54.4558],[10.1956,54.4498],[10.1846,54.4471],[10.1685,54.4328],[10.1888,54.4111],[10.1928,54.4032],[10.189,54.396],[10.1923,54.3902],[10.1612,54.3852],[10.1668,54.3779],[10.1541,54.3689],[10.1395,54.3685],[10.1484,54.3664],[10.1392,54.3657],[10.1521,54.3633],[10.1472,54.3635],[10.1498,54.3592],[10.1455,54.3611],[10.1414,54.3539],[10.1553,54.3449],[10.1577,54.3384],[10.1346,54.3151],[10.1486,54.3219],[10.1523,54.3197],[10.1506,54.3239],[10.1707,54.3333],[10.167,54.3356],[10.1751,54.3388],[10.1738,54.3484],[10.1775,54.3511],[10.1782,54.3611],[10.196,54.366],[10.1937,54.3793],[10.2081,54.3874],[10.2092,54.3966],[10.2162,54.3993],[10.2261,54.4139],[10.2898,54.4195],[10.294,54.4258],[10.2761,54.4215],[10.3157,54.4353],[10.3368,54.4352],[10.3908,54.4257],[10.4737,54.3925],[10.5996,54.3637],[10.6393,54.3475],[10.6504,54.3324],[10.6782,54.3214],[10.6846,54.3103],[10.707,54.305],[10.7398,54.3096],[10.7587,54.306],[10.7872,54.3113],[10.8292,54.33],[10.8728,54.3588],[10.907,54.3677],[10.9305,54.3818],[10.9495,54.3848],[11.0208,54.3806],[11.0262,54.3782],[11.017,54.3758],[11.0183,54.38],[11.0058,54.3744],[11.0087,54.3776],[10.9928,54.3757],[10.9939,54.3792],[10.9874,54.3758],[10.9847,54.3802],[10.9801,54.376],[10.9935,54.3702],[11.0066,54.373],[11.0237,54.3677],[11.0734,54.3766],[11.091,54.3919],[11.1077,54.3975],[11.1135,54.3911],[11.1085,54.3927],[11.1093,54.3893],[11.1186,54.3944],[11.1279,54.3905],[11.1308,54.3858],[11.1251,54.3733],[11.0822,54.3528],[11.0686,54.3584],[11.0581,54.353],[11.0628,54.3441],[11.0758,54.3467],[11.0719,54.3422],[11.0725,54.3321],[11.0838,54.2793],[11.0819,54.2518],[11.0912,54.2186],[11.0924,54.1977],[11.0705,54.1929],[11.0469,54.1765],[10.9551,54.1411],[10.8911,54.0944],[10.8747,54.0871],[10.8659,54.0848],[10.8522,54.0893],[10.8239,54.089],[10.8137,54.094],[10.8151,54.1017],[10.8092,54.1067],[10.8124,54.0973],[10.8,54.0983],[10.8005,54.0927],[10.8029,54.095],[10.8067,54.0918],[10.8023,54.0907],[10.7995,54.0836],[10.7838,54.0698],[10.7585,54.0577],[10.7513,54.0463],[10.7518,54.0371],[10.7602,54.0246],[10.7872,53.9974],[10.8016,53.9921],[10.8132,53.9934],[10.8091,53.9958],[10.839,53.9918],[10.8608,53.9937],[10.8788,53.9859],[10.8845,53.9782],[10.8821,53.9676],[10.8866,53.9618],[10.8828,53.9588],[10.9037,53.9568],[10.9085,53.9506],[10.909,53.9456],[10.8956,53.9345],[10.8945,53.9254],[10.8984,53.9223],[10.913,53.924],[10.9299,53.9183],[10.9393,53.9193],[10.9494,53.9129],[10.9633,53.9137],[10.9684,53.9089],[10.959,53.9103],[10.9368,53.9006],[10.911,53.898],[10.9021,53.9063],[10.9113,53.9152],[10.8826,53.9245],[10.8747,53.9145],[10.8555,53.9048],[10.8483,53.9051],[10.8472,53.8969],[10.8189,53.8935],[10.8073,53.8861],[10.8016,53.8768],[10.7719,53.8737],[10.7595,53.8583],[10.7477,53.8515],[10.7537,53.8486],[10.7494,53.8451],[10.748,53.834],[10.7616,53.8226],[10.765,53.8032],[10.7733,53.7924],[10.7659,53.7799],[10.7703,53.7755],[10.758,53.7636],[10.758,53.7475],[10.7719,53.7494],[10.8059,53.7392],[10.8103,53.7206],[10.8247,53.711],[10.8433,53.7079],[10.846,53.7043],[10.8522,53.7058],[10.8509,53.7001],[10.8864,53.7057],[10.9053,53.7033],[10.9221,53.6995],[10.9261,53.692],[10.919,53.6892],[10.9418,53.6845],[10.9443,53.6742],[10.9398,53.6731],[10.9419,53.6688],[10.9386,53.6658],[10.9452,53.6591],[10.9486,53.6614],[10.9549,53.6567],[10.9508,53.6458],[10.945,53.6468],[10.9476,53.6424],[10.9296,53.6287],[10.9223,53.6023],[10.9175,53.5993],[10.9238,53.5842],[10.9095,53.5715],[10.8948,53.5724],[10.8637,53.5646],[10.8501,53.5653],[10.8422,53.5748],[10.8233,53.5752],[10.8268,53.5671],[10.8244,53.5563],[10.832,53.543],[10.8191,53.5344],[10.8216,53.524],[10.8145,53.522],[10.8246,53.5179],[10.8243,53.5137],[10.8106,53.5162],[10.7864,53.5105],[10.7778,53.4952],[10.756,53.4834],[10.7268,53.4813],[10.7207,53.4761],[10.7017,53.4783],[10.693,53.4551],[10.652,53.4615],[10.6326,53.455],[10.6258,53.4434],[10.6293,53.4409],[10.6245,53.4391],[10.6254,53.4336],[10.6214,53.4305],[10.6227,53.4259],[10.6184,53.4254],[10.6167,53.4051],[10.621,53.4041],[10.6186,53.3988],[10.6214,53.3983],[10.6169,53.3846],[10.5991,53.3778],[10.595,53.3639],[10.5743,53.3602],[10.5567,53.3685],[10.4989,53.3745],[10.4193,53.4021],[10.3759,53.4247],[10.3308,53.425],[10.308,53.4332],[10.3182,53.4353],[10.3155,53.4411],[10.326,53.4496],[10.3116,53.4523],[10.308,53.4429],[10.3016,53.4432],[10.2956,53.4487],[10.2978,53.4516],[10.2693,53.4641],[10.2726,53.4679],[10.2652,53.4698],[10.2643,53.4751],[10.2384,53.4833],[10.2367,53.4964],[10.2186,53.4991],[10.2239,53.5058],[10.2106,53.52],[10.1897,53.5126],[10.1637,53.5204],[10.1631,53.5306],[10.1708,53.5372],[10.1556,53.5365],[10.1526,53.5398],[10.1529,53.5505],[10.1605,53.5577],[10.1474,53.5663],[10.1526,53.5779],[10.1617,53.5857],[10.1653,53.5823],[10.2013,53.584],[10.1917,53.5957],[10.1968,53.6004],[10.189,53.613],[10.2054,53.6237],[10.2173,53.6261],[10.2159,53.6313],[10.2218,53.6337],[10.1897,53.6384],[10.1986,53.6464],[10.1961,53.6547],[10.1874,53.6565],[10.1829,53.6637],[10.1739,53.6645],[10.1725,53.669],[10.156,53.6695],[10.1604,53.6715],[10.1541,53.6758],[10.1432,53.6756],[10.1403,53.6801],[10.1518,53.6826],[10.1595,53.6908],[10.1608,53.7004],[10.1575,53.705],[10.1739,53.7128],[10.1816,53.7092],[10.1937,53.731],[10.1629,53.7381],[10.1615,53.7334],[10.1264,53.7196],[10.1211,53.7134],[10.0818,53.7204],[10.0763,53.7153],[10.08,53.7141],[10.0695,53.7112],[10.0736,53.7092],[10.0696,53.7062],[10.0791,53.7042],[10.0775,53.6997],[10.0607,53.6884],[10.0671,53.686],[10.0693,53.6795],[10.0505,53.6769],[10.0408,53.682],[9.9987,53.6815],[9.9924,53.6759],[9.9913,53.6585],[9.9877,53.6558],[9.9905,53.6509],[9.9856,53.6472],[9.9208,53.6555],[9.9054,53.6522],[9.9047,53.6418],[9.8851,53.6235],[9.8897,53.6223],[9.8726,53.6157],[9.8581,53.5996],[9.8397,53.5948],[9.8367,53.5875],[9.8162,53.5862],[9.7975,53.5961],[9.7896,53.604],[9.7981,53.6075],[9.7706,53.6162],[9.7703,53.6275],[9.7637,53.6275],[9.7535,53.613],[9.7591,53.6109],[9.7556,53.6025],[9.7484,53.6039],[9.7434,53.5976],[9.7473,53.5918],[9.7363,53.5819],[9.7425,53.5782],[9.737,53.5774],[9.7344,53.5652],[9.6764,53.5713],[9.6409,53.5904],[9.6146,53.596],[9.5555,53.6207],[9.5662,53.6317],[9.5796,53.6234],[9.5731,53.6272],[9.5743,53.6323],[9.5525,53.6494],[9.549,53.6587],[9.5521,53.6706],[9.522,53.7134],[9.4878,53.7257],[9.4578,53.7316],[9.4419,53.7411],[9.4284,53.7527],[9.4223,53.7699],[9.4085,53.7851],[9.4112,53.788],[9.4079,53.7963],[9.4011,53.7949],[9.4049,53.7993],[9.3945,53.8177],[9.4017,53.8242],[9.3885,53.8239],[9.3794,53.8306],[9.3544,53.8387],[9.3272,53.8602],[9.2893,53.8734],[9.2195,53.8886],[9.0931,53.8883],[9.0417,53.8991],[9.0231,53.8979],[9.0199,53.8899],[9.0189,53.8995],[8.9818,53.8909],[8.9521,53.9027],[8.9506,53.9077],[8.9176,53.9258],[8.8977,53.9507],[8.9015,53.9569],[8.8832,53.9713],[8.8892,53.978],[8.902,53.9797],[8.9007,53.9855],[8.8805,53.9872],[8.864,53.9951],[8.8589,54.0002],[8.8623,54.0032],[8.8363,54.0296],[8.8444,54.038],[8.8711,54.0426],[8.9231,54.0341],[8.9262,54.0288],[8.9606,54.0344],[8.979,54.0428],[8.9855,54.0601],[8.9808,54.0632],[8.9587,54.0634],[8.9587,54.0662],[8.9766,54.0712],[8.9478,54.0911],[8.9501,54.0931],[8.9268,54.1316],[8.895,54.1336],[8.8604,54.1195],[8.8596,54.1228],[8.8693,54.1254],[8.8602,54.1234],[8.8667,54.1272],[8.86,54.1253],[8.8655,54.1288],[8.8585,54.1284],[8.8579,54.1192],[8.8547,54.1283],[8.8358,54.1341],[8.8264,54.1448],[8.8168,54.1677],[8.8089,54.171],[8.8118,54.1908],[8.8217,54.2053],[8.8289,54.2057],[8.8401,54.2217],[8.8409,54.2331],[8.8357,54.2411],[8.8448,54.2656],[8.8405,54.2668],[8.8441,54.2702],[8.8395,54.2817],[8.829,54.2901],[8.8213,54.2913],[8.7917,54.2818],[8.7723,54.2816],[8.7687,54.2886],[8.7484,54.2891],[8.7384,54.2938],[8.7053,54.288],[8.6869,54.2781],[8.6885,54.2739],[8.6835,54.2718],[8.6881,54.2669],[8.6836,54.2655],[8.678,54.2717],[8.6381,54.2897],[8.6083,54.3088],[8.5996,54.3215],[8.5999,54.3338],[8.6052,54.3313],[8.6014,54.3391],[8.6089,54.3439],[8.644,54.3379],[8.6528,54.3429],[8.6464,54.3452],[8.6537,54.349],[8.6591,54.347],[8.6921,54.3562],[8.6929,54.368],[8.6896,54.3728],[8.664,54.3695],[8.6474,54.3805],[8.6461,54.3701],[8.6387,54.3693],[8.641,54.3703],[8.6344,54.3788],[8.6464,54.3925],[8.6508,54.3892],[8.6728,54.4005],[8.6989,54.3977],[8.7405,54.3999],[8.8092,54.4107],[8.8546,54.4026],[8.8712,54.4048],[8.9114,54.4177],[8.9315,54.4331],[8.9476,54.4389],[8.9589,54.4539],[9.0011,54.4631],[9.005,54.4737],[9.0255,54.4728],[9.0034,54.4792],[9.0156,54.4843],[9.0125,54.4844],[9.0105,54.4931],[8.9909,54.5229],[8.9846,54.5241],[8.9455,54.5124],[8.9488,54.5007],[8.9311,54.4918],[8.9208,54.4701],[8.9157,54.4711],[8.9206,54.4695],[8.8946,54.4595],[8.8418,54.4606],[8.807,54.4702],[8.8192,54.4865],[8.8093,54.4902],[8.8064,54.4983],[8.8137,54.504],[8.8357,54.5077],[8.8715,54.5283],[8.8691,54.5297],[8.876,54.5361],[8.8779,54.5455],[8.8686,54.5618],[8.893,54.5968],[8.8856,54.6091],[8.8465,54.6255],[8.8278,54.6498],[8.7804,54.6661],[8.7528,54.6813],[8.7495,54.6903],[8.7516,54.699],[8.7411,54.7164],[8.7195,54.7257],[8.6942,54.7247],[8.6862,54.7303],[8.7155,54.7377],[8.7086,54.7439],[8.7083,54.7511],[8.6976,54.7599],[8.6923,54.7776],[8.6812,54.7905],[8.6591,54.7954],[8.644,54.8193],[8.6078,54.8411],[8.6127,54.8779],[8.6034,54.8857],[8.5102,54.8814],[8.4612,54.8612],[8.4242,54.8552],[8.4195,54.8518],[8.4226,54.8494],[8.4144,54.8472],[8.3779,54.8586],[8.3643,54.8759],[8.3459,54.8742],[8.3406,54.8806],[8.3332,54.8728],[8.3328,54.8633],[8.3081,54.8591],[8.2992,54.8494],[8.2934,54.8269],[8.3005,54.818],[8.2969,54.8111],[8.2999,54.8042],[8.2944,54.7985],[8.292,54.786],[8.297,54.7767],[8.3006,54.7788],[8.3018,54.773],[8.301,54.7638],[8.2937,54.7576],[8.2971,54.7576],[8.2945,54.7532],[8.2971,54.746],[8.2786,54.7522],[8.2878,54.8767],[8.3019,54.9182],[8.3959,55.052],[8.4181,55.0588],[8.4492,55.0496]]]]}},{"type":"Feature","properties":{"id":"02","ars":"02","gen":"Hamburg"},"geometry":{"type":"MultiPolygon","coordinates":[[[[9.7314,53.5577],[9.732,53.5575],[9.7301,53.5576],[9.7303,53.558],[9.7314,53.5577]]],[[[9.7517,53.5568],[9.779,53.5546],[9.7833,53.5511],[9.775,53.5496],[9.7808,53.5522],[9.7403,53.5569],[9.7517,53.5568]]],[[[8.4582,53.9571],[8.4454,53.9544],[8.4313,53.9445],[8.42,53.9478],[8.4244,53.9527],[8.4378,53.9536],[8.4344,53.9623],[8.438,53.964],[8.4607,53.9592],[8.4582,53.9571]]],[[[8.5026,53.9281],[8.5171,53.9206],[8.5006,53.9127],[8.4868,53.9141],[8.4911,53.9287],[8.4979,53.9319],[8.5026,53.9281]]],[[[10.1857,53.7313],[10.1937,53.731],[10.1816,53.7092],[10.1739,53.7128],[10.1575,53.705],[10.1608,53.7004],[10.1595,53.6908],[10.1518,53.6826],[10.1403,53.6801],[10.1432,53.6756],[10.1541,53.6758],[10.1604,53.6715],[10.156,53.6695],[10.1725,53.669],[10.1739,53.6645],[10.1829,53.6637],[10.1874,53.6565],[10.1961,53.6547],[10.1986,53.6464],[10.1897,53.6384],[10.2218,53.6337],[10.2159,53.6313],[10.2173,53.6261],[10.2054,53.6237],[10.189,53.613],[10.1968,53.6004],[10.1917,53.5957],[10.2013,53.584],[10.1653,53.5823],[10.1617,53.5857],[10.1526,53.5779],[10.1474,53.5663],[10.1605,53.5577],[10.1529,53.5505],[10.1526,53.5398],[10.1556,53.5365],[10.1708,53.5372],[10.1631,53.5306],[10.1646,53.5199],[10.1897,53.5126],[10.2106,53.52],[10.2239,53.5058],[10.2186,53.4991],[10.2367,53.4964],[10.2384,53.4833],[10.2643,53.4751],[10.2652,53.4698],[10.2726,53.4679],[10.2693,53.4641],[10.2978,53.4516],[10.2956,53.4487],[10.3016,53.4432],[10.308,53.4429],[10.3116,53.4523],[10.326,53.4496],[10.3155,53.4411],[10.3182,53.4353],[10.26,53.4185],[10.2388,53.3965],[10.169,53.398],[10.1522,53.4073],[10.1396,53.4206],[10.1087,53.4267],[10.0846,53.4504],[10.0518,53.4639],[10.042,53.4568],[10.0411,53.4515],[10.0493,53.4497],[10.0457,53.4467],[10.0323,53.4441],[10.0212,53.4468],[10.0147,53.4421],[10.0293,53.4352],[10.0186,53.4293],[9.9964,53.4261],[9.9844,53.4154],[9.9749,53.4147],[9.9755,53.4215],[9.9644,53.4222],[9.961,53.4241],[9.9633,53.4273],[9.9492,53.431],[9.942,53.4211],[9.9246,53.4196],[9.9165,53.4141],[9.9066,53.4158],[9.9165,53.4249],[9.9141,53.43],[9.9215,53.4366],[9.9146,53.4426],[9.9139,53.4484],[9.8992,53.4576],[9.8734,53.4424],[9.8691,53.4446],[9.8615,53.4395],[9.8624,53.4299],[9.8366,53.4509],[9.8075,53.4628],[9.7998,53.4696],[9.8024,53.4933],[9.7822,53.4915],[9.7845,53.5],[9.7637,53.5083],[9.7716,53.5228],[9.7783,53.5195],[9.7654,53.5411],[9.7721,53.5434],[9.8165,53.5293],[9.825,53.5335],[9.81,53.541],[9.8241,53.5477],[9.8263,53.5526],[9.7706,53.5631],[9.7344,53.5652],[9.737,53.5774],[9.7425,53.5782],[9.7363,53.5819],[9.7473,53.5918],[9.7434,53.5976],[9.7484,53.6039],[9.7556,53.6025],[9.7591,53.6109],[9.7535,53.613],[9.7637,53.6275],[9.7703,53.6275],[9.7706,53.6162],[9.7981,53.6075],[9.7896,53.604],[9.7975,53.5961],[9.8162,53.5862],[9.8288,53.5853],[9.8367,53.5875],[9.8397,53.5948],[9.8581,53.5996],[9.8619,53.6072],[9.8791,53.6198],[9.8897,53.6223],[9.8851,53.6235],[9.9047,53.6418],[9.9054,53.6522],[9.9208,53.6555],[9.9856,53.6472],[9.9905,53.6509],[9.9877,53.6558],[9.9913,53.6585],[9.9924,53.6759],[9.9987,53.6815],[10.0408,53.682],[10.0505,53.6769],[10.0693,53.6795],[10.0671,53.686],[10.0607,53.6884],[10.0775,53.6997],[10.0791,53.7042],[10.0696,53.7062],[10.0736,53.7092],[10.0695,53.7112],[10.08,53.7141],[10.0763,53.7153],[10.0818,53.7204],[10.1211,53.7134],[10.1264,53.7196],[10.1615,53.7334],[10.1629,53.7381],[10.1857,53.7313]]]]}},{"type":"Feature","properties":{"id":"03","ars":"03","gen":"Niedersachsen"},"geometry":{"type":"MultiPolygon","coordinates":[[[[9.7737,53.5509],[9.7736,53.5501],[9.7732,53.5502],[9.773,53.5504],[9.7731,53.5507],[9.7734,53.5508],[9.7737,53.5509]]],[[[9.5268,53.6638],[9.5264,53.6635],[9.526,53.6638],[9.5221,53.6703],[9.5205,53.6724],[9.5201,53.6732],[9.5199,53.6737],[9.5197,53.6743],[9.5207,53.6729],[9.5219,53.6713],[9.5268,53.6644],[9.5268,53.6638]]],[[[6.8669,53.5901],[6.867,53.5899],[6.8677,53.5899],[6.8684,53.5899],[6.8689,53.5897],[6.8689,53.5892],[6.8683,53.5888],[6.8675,53.5886],[6.8672,53.5885],[6.8667,53.5887],[6.8656,53.5891],[6.865,53.5897],[6.8649,53.5901],[6.8651,53.5905],[6.8655,53.5909],[6.866,53.5912],[6.8669,53.5914],[6.8678,53.5914],[6.8685,53.5913],[6.869,53.591],[6.8688,53.5907],[6.8681,53.5906],[6.8673,53.5904],[6.8669,53.5901]]],[[[9.6103,53.5841],[9.5927,53.588],[9.5721,53.6019],[9.6103,53.5841]]],[[[9.6889,53.5618],[9.7744,53.5543],[9.7599,53.5512],[9.6944,53.5603],[9.6775,53.5565],[9.6632,53.5642],[9.6889,53.5618]]],[[[9.4447,53.7191],[9.4651,53.7134],[9.477,53.7053],[9.4801,53.698],[9.4692,53.6998],[9.442,53.7185],[9.4447,53.7191]]],[[[6.9067,53.6495],[6.8932,53.6447],[6.8975,53.6358],[6.895,53.6309],[6.8991,53.6289],[6.8944,53.6258],[6.8766,53.6299],[6.865,53.6416],[6.8675,53.6455],[6.899,53.6491],[6.9056,53.653],[6.9067,53.6495]]],[[[7.4318,53.7271],[7.4291,53.7209],[7.4133,53.72],[7.3634,53.7223],[7.3595,53.7269],[7.3921,53.7361],[7.435,53.7307],[7.4318,53.7271]]],[[[7.8854,53.7946],[7.9548,53.787],[7.9776,53.7779],[7.9728,53.7745],[7.9749,53.7802],[7.9692,53.7799],[7.9697,53.776],[7.9453,53.7824],[7.9147,53.7803],[7.8756,53.7886],[7.8698,53.784],[7.8704,53.7761],[7.8655,53.7722],[7.8581,53.7813],[7.8463,53.787],[7.8646,53.7939],[7.8854,53.7946]]],[[[7.1025,53.6811],[7.0968,53.6771],[7.0887,53.6805],[7.0516,53.6791],[6.9959,53.6743],[6.996,53.6702],[6.9898,53.6745],[6.9757,53.6693],[6.9636,53.6717],[6.8603,53.6596],[6.8535,53.6643],[6.8633,53.6688],[7.065,53.6891],[7.0987,53.6871],[7.1046,53.6843],[7.1025,53.6811]]],[[[7.7245,53.782],[7.8215,53.7792],[7.7952,53.7693],[7.7401,53.7607],[7.6982,53.7621],[7.6959,53.7656],[7.6827,53.7509],[7.6705,53.7536],[7.6658,53.7596],[7.6693,53.767],[7.6834,53.7764],[7.7245,53.782]]],[[[7.5653,53.7592],[7.6232,53.7577],[7.6427,53.7536],[7.6255,53.7472],[7.5691,53.7481],[7.5116,53.7433],[7.502,53.7345],[7.5036,53.731],[7.4942,53.7264],[7.4957,53.7231],[7.4829,53.7258],[7.4703,53.7215],[7.4605,53.7248],[7.4693,53.7461],[7.4798,53.7544],[7.5653,53.7592]]],[[[7.3439,53.7255],[7.3472,53.7167],[7.3408,53.7182],[7.2971,53.7086],[7.2888,53.7115],[7.2952,53.7085],[7.2702,53.7037],[7.2155,53.7036],[7.2088,53.7066],[7.1938,53.6991],[7.1778,53.7013],[7.1704,53.7079],[7.1651,53.7063],[7.1695,53.7012],[7.1636,53.6999],[7.1666,53.7042],[7.1617,53.7017],[7.1646,53.6976],[7.1528,53.6969],[7.142,53.7006],[7.1373,53.707],[7.1904,53.7231],[7.3439,53.7255]]],[[[6.7847,53.6126],[6.8183,53.6013],[6.7535,53.596],[6.7167,53.5823],[6.7272,53.5813],[6.741,53.5711],[6.7573,53.568],[6.7587,53.563],[6.7523,53.5591],[6.753,53.5629],[6.7471,53.5626],[6.7474,53.5574],[6.742,53.5601],[6.7405,53.5571],[6.7441,53.5615],[6.7416,53.566],[6.7331,53.5696],[6.7071,53.5685],[6.7254,53.5553],[6.7178,53.5571],[6.7054,53.5659],[6.6974,53.5654],[6.6646,53.5779],[6.657,53.5836],[6.654,53.5985],[6.6436,53.5951],[6.6427,53.5911],[6.6393,53.5934],[6.6475,53.6047],[6.6565,53.6079],[6.7601,53.6177],[6.7847,53.6126]]],[[[8.6873,53.8898],[8.6832,53.8858],[8.6883,53.8793],[8.6938,53.8765],[8.7022,53.8787],[8.7311,53.8586],[8.7289,53.8567],[8.7534,53.8461],[8.7856,53.8344],[8.8233,53.8311],[8.8351,53.8335],[8.9062,53.8288],[8.9884,53.84],[9.0235,53.8332],[9.0267,53.825],[9.031,53.8257],[9.0315,53.8298],[9.0208,53.8426],[9.0889,53.8621],[9.1799,53.8667],[9.2746,53.8576],[9.3262,53.826],[9.331,53.8157],[9.3574,53.7862],[9.4175,53.7252],[9.4551,53.7047],[9.4929,53.6781],[9.4995,53.6649],[9.5105,53.6563],[9.5181,53.6366],[9.5403,53.6129],[9.5584,53.6069],[9.5729,53.5939],[9.5898,53.586],[9.6159,53.5808],[9.6342,53.571],[9.6493,53.568],[9.6852,53.5478],[9.6927,53.5496],[9.7075,53.5449],[9.7118,53.5508],[9.718,53.5515],[9.7269,53.5505],[9.728,53.5443],[9.7426,53.5481],[9.7682,53.5461],[9.7721,53.5434],[9.7654,53.5411],[9.7783,53.5195],[9.7716,53.5228],[9.7638,53.5081],[9.7845,53.5],[9.7822,53.4915],[9.8024,53.4933],[9.7998,53.4696],[9.8075,53.4628],[9.8366,53.4509],[9.8624,53.4299],[9.8615,53.4395],[9.8691,53.4446],[9.8734,53.4424],[9.8992,53.4576],[9.9139,53.4484],[9.9146,53.4426],[9.9215,53.4366],[9.9141,53.43],[9.9165,53.4249],[9.9066,53.4158],[9.9165,53.4141],[9.9246,53.4196],[9.942,53.4211],[9.9492,53.431],[9.9633,53.4273],[9.961,53.4241],[9.9644,53.4222],[9.9755,53.4215],[9.9749,53.4147],[9.9844,53.4154],[9.9964,53.4261],[10.0186,53.4293],[10.0293,53.4352],[10.0147,53.4421],[10.0212,53.4468],[10.0323,53.4441],[10.0457,53.4467],[10.0493,53.4497],[10.0411,53.4515],[10.042,53.4568],[10.0518,53.4639],[10.0846,53.4504],[10.1087,53.4267],[10.1364,53.4222],[10.1538,53.4061],[10.1757,53.3966],[10.2366,53.3958],[10.2586,53.4178],[10.3063,53.4331],[10.3308,53.425],[10.3705,53.4259],[10.4193,53.4021],[10.4989,53.3745],[10.5567,53.3685],[10.5743,53.3602],[10.6307,53.3708],[10.7031,53.3694],[10.7285,53.3567],[10.7381,53.3423],[10.7631,53.3389],[10.7577,53.3326],[10.7597,53.33],[10.7676,53.3305],[10.7716,53.3253],[10.7941,53.3153],[10.8262,53.3124],[10.8286,53.3069],[10.8358,53.305],[10.8508,53.31],[10.8534,53.3159],[10.8702,53.3177],[10.8712,53.3227],[10.866,53.3269],[10.8805,53.3211],[10.888,53.3244],[10.8885,53.3272],[10.8806,53.3302],[10.8803,53.3355],[10.8992,53.3342],[10.9097,53.3377],[10.9184,53.348],[10.9282,53.3481],[10.934,53.3393],[10.9484,53.3352],[10.9555,53.3335],[10.9594,53.3385],[10.988,53.3334],[10.9827,53.3275],[10.9991,53.321],[11.0023,53.3052],[11.0087,53.3006],[11.003,53.2936],[11.0084,53.2918],[11.009,53.2821],[11.0272,53.2793],[11.0627,53.235],[11.0801,53.2205],[11.1155,53.2045],[11.1385,53.2025],[11.1365,53.1994],[11.145,53.1978],[11.1367,53.1918],[11.1799,53.1867],[11.1941,53.1812],[11.1953,53.1767],[11.1891,53.1656],[11.1719,53.1566],[11.1846,53.1364],[11.1939,53.1352],[11.2147,53.1444],[11.2457,53.1364],[11.2663,53.1213],[11.2678,53.1042],[11.2732,53.0972],[11.3098,53.0779],[11.3344,53.0569],[11.3531,53.0547],[11.4026,53.0724],[11.4484,53.0784],[11.4638,53.0744],[11.5059,53.049],[11.5238,53.0471],[11.5481,53.0524],[11.5702,53.0392],[11.5978,53.0359],[11.5637,53.0128],[11.5592,53.0131],[11.5521,53.0047],[11.5604,53.0038],[11.5564,52.9987],[11.5434,52.9995],[11.5264,53.0083],[11.5125,53.0074],[11.5064,52.9997],[11.4923,52.9597],[11.505,52.941],[11.4701,52.9389],[11.4329,52.9197],[11.4261,52.9199],[11.4066,52.9041],[11.3848,52.9036],[11.3143,52.8782],[11.2954,52.8749],[11.2942,52.8871],[11.2907,52.8891],[11.2766,52.8875],[11.2672,52.8801],[11.2411,52.879],[11.2358,52.8886],[11.2192,52.8927],[11.2206,52.8977],[11.1553,52.9062],[11.1547,52.9019],[11.1389,52.8983],[11.1064,52.8962],[11.0932,52.8995],[11.0987,52.9129],[11.0644,52.9094],[11.039,52.9134],[11.0021,52.9115],[10.9926,52.9065],[10.989,52.8987],[10.9901,52.8882],[10.9855,52.882],[10.9741,52.8774],[10.9681,52.8793],[10.9679,52.8757],[10.9396,52.8533],[10.8957,52.8564],[10.8929,52.848],[10.8847,52.8458],[10.8661,52.8557],[10.8604,52.8517],[10.8416,52.8522],[10.8348,52.8475],[10.8006,52.8503],[10.7961,52.8436],[10.7647,52.8405],[10.7717,52.8339],[10.764,52.8302],[10.7667,52.8262],[10.7569,52.8198],[10.7617,52.8023],[10.7553,52.7848],[10.7755,52.7624],[10.7762,52.7548],[10.7876,52.753],[10.7917,52.7482],[10.7881,52.7338],[10.7933,52.73],[10.7967,52.7143],[10.8297,52.7161],[10.8362,52.7077],[10.8331,52.7009],[10.8375,52.6958],[10.8594,52.6748],[10.8778,52.6638],[10.879,52.656],[10.8969,52.6427],[10.9044,52.6275],[10.9131,52.6241],[10.9151,52.6176],[10.925,52.6146],[10.9214,52.6099],[10.9438,52.6151],[10.9456,52.6202],[10.9642,52.6259],[10.977,52.6241],[10.9756,52.6068],[10.9595,52.5999],[10.9533,52.5929],[10.9398,52.5896],[10.9474,52.5826],[10.9417,52.5797],[10.9376,52.5674],[10.9423,52.5559],[10.9594,52.5352],[11.0088,52.4967],[10.9829,52.4969],[10.9748,52.5014],[10.95,52.4956],[10.9436,52.4923],[10.941,52.4766],[10.9346,52.4762],[10.9337,52.461],[10.9478,52.4539],[10.9623,52.4347],[10.9894,52.4203],[10.9946,52.4151],[10.9916,52.4133],[11.0056,52.4089],[11.0187,52.397],[11.0152,52.3881],[11.0229,52.3926],[11.0363,52.3852],[11.0419,52.3864],[11.039,52.3889],[11.0468,52.3879],[11.0665,52.3732],[11.0688,52.3765],[11.0745,52.3744],[11.067,52.3699],[11.0687,52.3555],[11.0638,52.3542],[11.0616,52.3575],[11.0575,52.3503],[11.0439,52.3493],[11.0374,52.3447],[11.0236,52.3442],[11.023,52.3474],[10.9837,52.3417],[10.9879,52.335],[11.0021,52.3366],[11.0048,52.3307],[11.0011,52.3275],[11.0116,52.3282],[11.036,52.3104],[11.0356,52.3034],[11.0392,52.3017],[11.0125,52.2913],[11.0138,52.2866],[11.0291,52.2701],[11.0429,52.272],[11.0522,52.2674],[11.0511,52.2628],[11.0563,52.2587],[11.0524,52.2537],[11.0589,52.2407],[11.0733,52.2432],[11.0862,52.2286],[11.0789,52.2246],[11.0772,52.2187],[11.0294,52.2114],[11.0214,52.205],[11.0246,52.2011],[11.0136,52.1996],[11.0132,52.1859],[11.0192,52.1781],[11.0359,52.1717],[11.0603,52.1724],[11.061,52.1648],[11.0546,52.1603],[11.0604,52.1535],[11.045,52.1436],[11.0454,52.1347],[11.0175,52.1283],[11.0092,52.1199],[10.9769,52.1057],[10.9422,52.1031],[10.9425,52.0941],[10.9707,52.0863],[10.973,52.0731],[10.9644,52.0566],[10.8812,52.0593],[10.855,52.0509],[10.8287,52.0477],[10.7828,52.0505],[10.7602,52.0461],[10.7221,52.0497],[10.6874,52.0481],[10.6479,52.0417],[10.6569,52.0285],[10.6555,52.0247],[10.6422,52.0229],[10.639,52.0153],[10.6214,52.0103],[10.626,52.0082],[10.6002,52.0072],[10.5958,52.0101],[10.5966,52.0144],[10.5923,52.0142],[10.5916,52.0113],[10.5749,52.0109],[10.5747,52.0064],[10.5612,52.0041],[10.5868,51.9827],[10.5857,51.9762],[10.6062,51.9773],[10.6062,51.9687],[10.6196,51.9669],[10.6199,51.9577],[10.6417,51.9626],[10.6513,51.9576],[10.6475,51.9536],[10.6225,51.9475],[10.6133,51.9395],[10.6181,51.9315],[10.6133,51.9215],[10.6382,51.916],[10.6482,51.9082],[10.6496,51.8896],[10.6329,51.8725],[10.616,51.8697],[10.6026,51.8545],[10.5845,51.8531],[10.5791,51.8483],[10.577,51.843],[10.5884,51.8358],[10.5787,51.8287],[10.5742,51.8109],[10.5842,51.7978],[10.5815,51.78],[10.5912,51.769],[10.6261,51.759],[10.6313,51.7515],[10.6317,51.7395],[10.6429,51.7303],[10.642,51.7253],[10.6687,51.7094],[10.6726,51.697],[10.6631,51.6912],[10.6705,51.6669],[10.6829,51.6606],[10.6917,51.6465],[10.7014,51.6422],[10.6773,51.6384],[10.6758,51.6332],[10.6825,51.6289],[10.6672,51.6284],[10.6382,51.6194],[10.649,51.6065],[10.6335,51.6079],[10.6344,51.5943],[10.6387,51.5841],[10.6663,51.5781],[10.6584,51.5667],[10.6607,51.5608],[10.6568,51.5583],[10.6365,51.5622],[10.6266,51.5678],[10.628,51.5721],[10.6216,51.5758],[10.6043,51.5796],[10.5879,51.5676],[10.5603,51.5571],[10.5455,51.5557],[10.5341,51.5594],[10.519,51.5538],[10.5103,51.5562],[10.4957,51.5728],[10.467,51.5834],[10.451,51.584],[10.4444,51.5897],[10.4292,51.5925],[10.4063,51.5865],[10.37,51.5875],[10.3788,51.5794],[10.3786,51.5627],[10.3654,51.5559],[10.3722,51.553],[10.3677,51.543],[10.3481,51.5322],[10.3423,51.5195],[10.3088,51.5151],[10.2999,51.505],[10.2997,51.4939],[10.2844,51.4944],[10.2732,51.4914],[10.2728,51.4882],[10.2447,51.4837],[10.2359,51.4714],[10.2267,51.4738],[10.2169,51.4701],[10.2153,51.4771],[10.2182,51.4785],[10.202,51.4865],[10.1783,51.47],[10.186,51.4622],[10.1772,51.4574],[10.1802,51.4558],[10.1743,51.4463],[10.1588,51.4468],[10.1558,51.4436],[10.1522,51.4471],[10.14,51.4426],[10.1411,51.4372],[10.1545,51.4315],[10.1504,51.4294],[10.1404,51.4297],[10.1318,51.4355],[10.1169,51.4302],[10.0801,51.4346],[10.0796,51.4253],[10.0691,51.4184],[10.0645,51.4198],[10.0656,51.425],[10.0601,51.4277],[10.0588,51.4349],[10.0468,51.4367],[10.0514,51.4303],[10.0428,51.4276],[10.0378,51.42],[10.0093,51.4206],[10.0076,51.411],[10.0008,51.4078],[10.0004,51.4037],[9.994,51.4039],[9.9874,51.3979],[9.9659,51.3955],[9.942,51.3784],[9.9283,51.3753],[9.9329,51.3806],[9.9311,51.3927],[9.9072,51.4076],[9.9134,51.4106],[9.906,51.4211],[9.8993,51.4165],[9.8832,51.415],[9.8846,51.4102],[9.8783,51.4045],[9.8685,51.4138],[9.8507,51.4144],[9.8538,51.4104],[9.8505,51.4014],[9.8607,51.3943],[9.8559,51.3848],[9.868,51.3749],[9.8653,51.3716],[9.8532,51.3722],[9.8401,51.3836],[9.8406,51.4026],[9.8338,51.4025],[9.8215,51.41],[9.7941,51.4072],[9.7928,51.4014],[9.8001,51.3992],[9.8015,51.3869],[9.7866,51.3893],[9.7659,51.386],[9.7566,51.3823],[9.7523,51.3747],[9.7385,51.3692],[9.7232,51.3705],[9.7021,51.3646],[9.704,51.3581],[9.7206,51.3485],[9.7269,51.3369],[9.7368,51.329],[9.7382,51.3194],[9.7454,51.319],[9.7565,51.3287],[9.7683,51.3325],[9.7631,51.3362],[9.7725,51.3363],[9.7635,51.3253],[9.7724,51.3293],[9.7703,51.3254],[9.7752,51.3252],[9.7682,51.3067],[9.7323,51.2952],[9.6789,51.311],[9.6694,51.3177],[9.6622,51.3117],[9.6358,51.3171],[9.6345,51.3116],[9.6285,51.3119],[9.6329,51.3244],[9.6385,51.3224],[9.6334,51.3259],[9.6044,51.3256],[9.606,51.3277],[9.5817,51.3422],[9.568,51.34],[9.5484,51.359],[9.5501,51.3619],[9.5687,51.362],[9.577,51.3696],[9.5603,51.3756],[9.564,51.387],[9.574,51.3921],[9.5793,51.4018],[9.5875,51.4027],[9.5945,51.398],[9.61,51.4078],[9.6306,51.4061],[9.6311,51.4116],[9.6436,51.4183],[9.6343,51.4261],[9.6276,51.4442],[9.6299,51.4579],[9.6438,51.4692],[9.6186,51.4818],[9.586,51.5189],[9.5925,51.5234],[9.6089,51.5222],[9.6203,51.5325],[9.622,51.5419],[9.6093,51.5569],[9.6129,51.5579],[9.6224,51.5487],[9.6478,51.5525],[9.645,51.5594],[9.6364,51.5589],[9.6284,51.5672],[9.6268,51.582],[9.6449,51.5822],[9.6601,51.5727],[9.684,51.5665],[9.6909,51.5763],[9.6798,51.588],[9.6723,51.5874],[9.6611,51.593],[9.6495,51.6063],[9.6378,51.6088],[9.6366,51.6234],[9.6271,51.629],[9.6316,51.6342],[9.626,51.6369],[9.6096,51.6296],[9.5707,51.6247],[9.5594,51.6292],[9.5531,51.6376],[9.5436,51.6399],[9.5306,51.6293],[9.5163,51.6262],[9.4919,51.6347],[9.4986,51.6514],[9.4946,51.6574],[9.4688,51.6542],[9.4533,51.6457],[9.4347,51.6512],[9.3863,51.646],[9.3747,51.6498],[9.3799,51.6665],[9.3957,51.674],[9.3946,51.6812],[9.3869,51.6898],[9.4017,51.7017],[9.3873,51.7194],[9.3944,51.732],[9.3789,51.7381],[9.3754,51.7436],[9.3837,51.7502],[9.3843,51.7579],[9.4027,51.7594],[9.4096,51.771],[9.4482,51.7948],[9.4364,51.797],[9.4408,51.8035],[9.4309,51.8049],[9.4305,51.8107],[9.4273,51.8105],[9.4405,51.8249],[9.4367,51.8278],[9.4422,51.8292],[9.4333,51.8407],[9.4606,51.8549],[9.4596,51.8628],[9.4374,51.8562],[9.4049,51.8556],[9.3629,51.8649],[9.3347,51.8536],[9.3233,51.8551],[9.3358,51.8561],[9.3378,51.8608],[9.3452,51.8892],[9.3414,51.9066],[9.3322,51.917],[9.3184,51.9184],[9.3152,51.9227],[9.2867,51.921],[9.2721,51.9323],[9.2734,51.9401],[9.2786,51.9401],[9.2771,51.9439],[9.2639,51.9481],[9.2717,51.9497],[9.2714,51.9551],[9.2863,51.9571],[9.2776,51.9619],[9.2744,51.9736],[9.2684,51.9702],[9.2661,51.9716],[9.27,51.9739],[9.2591,51.9772],[9.2169,51.9736],[9.2171,51.9698],[9.2094,51.9672],[9.2089,51.9599],[9.2009,51.9654],[9.1986,51.9623],[9.1872,51.9653],[9.187,51.9739],[9.1762,51.9804],[9.1747,51.9833],[9.1831,51.9858],[9.1837,51.9909],[9.1968,51.9969],[9.1793,52.0027],[9.1974,52.0117],[9.189,52.0263],[9.1769,52.0337],[9.1733,52.0406],[9.1773,52.0412],[9.1722,52.0474],[9.1744,52.0604],[9.1794,52.0621],[9.1813,52.0679],[9.1933,52.0703],[9.1761,52.0861],[9.1547,52.0918],[9.1556,52.0978],[9.1465,52.0999],[9.1346,52.0943],[9.133,52.0966],[9.1359,52.1058],[9.1469,52.1092],[9.1462,52.1132],[9.1558,52.1143],[9.1593,52.1198],[9.1533,52.1291],[9.1447,52.1349],[9.1291,52.1353],[9.1298,52.1397],[9.1161,52.1384],[9.107,52.1324],[9.0818,52.1411],[9.0678,52.1403],[9.0716,52.1483],[9.0534,52.1482],[9.0444,52.1396],[9.0363,52.1401],[9.0178,52.1324],[9.011,52.1358],[9.0175,52.1477],[9.0127,52.1624],[9.0216,52.172],[9.0118,52.173],[9.0124,52.1779],[9.0013,52.1832],[9.001,52.1878],[8.9963,52.1856],[8.9938,52.1918],[8.9858,52.1946],[8.994,52.1961],[9.007,52.1895],[9.0136,52.1954],[9.0196,52.1922],[9.0175,52.1891],[9.0211,52.1838],[9.0453,52.1838],[9.0431,52.1904],[9.0485,52.1957],[9.0434,52.2041],[9.0459,52.2108],[9.0341,52.2176],[9.0358,52.2245],[9.0424,52.2262],[9.0517,52.2202],[9.0766,52.233],[9.0573,52.2376],[9.033,52.2495],[9.0065,52.2528],[9.0042,52.2575],[8.9743,52.2628],[8.9786,52.2748],[8.9721,52.2735],[8.9635,52.279],[8.9881,52.2876],[8.9853,52.2957],[8.9916,52.3071],[8.991,52.3148],[8.9978,52.3184],[8.9983,52.3262],[9.0077,52.3257],[9.0096,52.3312],[9.0189,52.331],[9.0253,52.337],[9.0274,52.3456],[9.0579,52.3396],[9.0592,52.3469],[9.0725,52.3483],[9.0775,52.3541],[9.0837,52.3548],[9.0889,52.3663],[9.0988,52.3729],[9.1007,52.3806],[9.0955,52.3867],[9.1216,52.4017],[9.1253,52.412],[9.1238,52.4215],[9.1098,52.4219],[9.1052,52.4274],[9.1124,52.4275],[9.1105,52.4354],[9.0945,52.4428],[9.1029,52.4569],[9.1256,52.4683],[9.1237,52.4744],[9.1367,52.4755],[9.132,52.484],[9.1124,52.4858],[9.0994,52.4975],[9.0658,52.4962],[9.0523,52.5001],[9.0464,52.4949],[9.0465,52.4895],[9.0413,52.4875],[9.0441,52.4826],[9.023,52.4773],[9.0225,52.4702],[9.0166,52.4673],[9.017,52.4602],[8.9989,52.4576],[8.9921,52.4506],[8.9784,52.4507],[8.9867,52.4455],[8.9792,52.4363],[8.9871,52.4325],[8.978,52.427],[8.9622,52.425],[8.958,52.4162],[8.9411,52.4163],[8.9461,52.4135],[8.9441,52.4084],[8.9352,52.4046],[8.9371,52.4019],[8.9031,52.4046],[8.9037,52.4019],[8.8977,52.4016],[8.8925,52.4057],[8.8892,52.396],[8.8686,52.3927],[8.8669,52.3963],[8.8551,52.3892],[8.7868,52.3987],[8.7461,52.3879],[8.7249,52.4009],[8.7152,52.3926],[8.7075,52.3954],[8.7109,52.4082],[8.7048,52.4187],[8.7171,52.4251],[8.7181,52.4294],[8.7034,52.4427],[8.7047,52.4554],[8.7107,52.4651],[8.7095,52.4767],[8.6985,52.4867],[8.703,52.5004],[8.6988,52.5016],[8.7021,52.5035],[8.6987,52.5088],[8.6841,52.5144],[8.6903,52.5188],[8.6715,52.5174],[8.6526,52.5314],[8.5569,52.4991],[8.5166,52.5093],[8.5088,52.5147],[8.4816,52.497],[8.4725,52.4988],[8.4589,52.4917],[8.4593,52.4736],[8.4543,52.461],[8.4303,52.4477],[8.4253,52.4517],[8.4178,52.4493],[8.4181,52.4444],[8.4001,52.4509],[8.3859,52.445],[8.3597,52.444],[8.3479,52.4523],[8.3261,52.4517],[8.3114,52.459],[8.2972,52.4565],[8.308,52.4447],[8.304,52.4343],[8.3122,52.4363],[8.322,52.4262],[8.3159,52.4125],[8.3229,52.4107],[8.314,52.4057],[8.363,52.3899],[8.3931,52.3846],[8.401,52.3774],[8.4324,52.3665],[8.4426,52.359],[8.4606,52.3187],[8.4721,52.3154],[8.4649,52.3037],[8.458,52.302],[8.4611,52.2989],[8.4594,52.2816],[8.4631,52.2821],[8.4662,52.2676],[8.4588,52.2582],[8.4636,52.2566],[8.4627,52.2522],[8.4681,52.2471],[8.4598,52.2428],[8.4611,52.2291],[8.4423,52.2134],[8.4602,52.196],[8.5174,52.185],[8.5056,52.1794],[8.4931,52.1668],[8.4854,52.1659],[8.4804,52.1594],[8.4621,52.1531],[8.4535,52.1554],[8.4147,52.1391],[8.4047,52.1301],[8.4038,52.1243],[8.4106,52.1163],[8.4049,52.1115],[8.3881,52.108],[8.3732,52.1098],[8.3637,52.1184],[8.3239,52.1259],[8.3112,52.1183],[8.2853,52.1255],[8.2871,52.1352],[8.2734,52.1307],[8.2667,52.1323],[8.2625,52.1204],[8.2459,52.1214],[8.2089,52.0968],[8.1925,52.0726],[8.1723,52.0719],[8.1515,52.0764],[8.0964,52.0571],[8.087,52.0645],[8.0667,52.0681],[8.0425,52.0631],[8.0327,52.0684],[8.0193,52.0623],[8.0191,52.0586],[7.9937,52.0496],[7.9811,52.0355],[7.9169,52.0516],[7.9207,52.058],[7.8852,52.0844],[7.9017,52.092],[7.9581,52.1052],[7.9718,52.116],[8.0078,52.1153],[8.0035,52.1497],[7.9978,52.1503],[8.0006,52.1533],[7.9974,52.1545],[8.0031,52.1546],[8.002,52.16],[8.023,52.1602],[8.0252,52.1635],[8.0152,52.1686],[8.017,52.1721],[8.0059,52.176],[7.9743,52.1711],[7.9575,52.1779],[7.934,52.1769],[7.9129,52.1851],[7.9142,52.1879],[7.9081,52.1899],[7.9089,52.195],[7.903,52.1989],[7.9063,52.2025],[7.8998,52.2068],[7.9064,52.2081],[7.9058,52.2141],[7.9128,52.2174],[7.9146,52.2229],[7.9198,52.2217],[7.9266,52.2265],[7.9286,52.2412],[7.9231,52.2528],[7.9256,52.2628],[7.9457,52.2653],[7.9565,52.2725],[7.9308,52.2864],[7.9318,52.3018],[7.9496,52.3059],[7.9872,52.3036],[7.9906,52.3095],[7.978,52.3127],[7.9486,52.3351],[7.95,52.3453],[7.9535,52.3472],[7.9478,52.3501],[7.942,52.3476],[7.9439,52.3556],[7.9367,52.365],[7.9217,52.3656],[7.8918,52.3805],[7.843,52.369],[7.8071,52.3714],[7.7138,52.401],[7.7023,52.4344],[7.6835,52.4566],[7.6674,52.4561],[7.6558,52.4625],[7.6042,52.4751],[7.583,52.4549],[7.571,52.4323],[7.5643,52.4323],[7.6027,52.421],[7.6012,52.4139],[7.5828,52.4037],[7.5836,52.3955],[7.5713,52.3812],[7.5821,52.3764],[7.5704,52.3786],[7.5601,52.3722],[7.564,52.3707],[7.5299,52.3699],[7.5053,52.3611],[7.4794,52.3476],[7.4378,52.3334],[7.4272,52.314],[7.4039,52.3129],[7.397,52.3062],[7.3865,52.3093],[7.3708,52.3002],[7.3616,52.2883],[7.3456,52.2827],[7.3175,52.2803],[7.2979,52.264],[7.1532,52.2665],[7.1212,52.2611],[7.1019,52.2435],[7.067,52.2411],[7.0424,52.2561],[7.0288,52.2735],[7.0263,52.2874],[7.0413,52.3112],[7.0388,52.3124],[7.0468,52.3162],[7.0471,52.3239],[7.0556,52.3322],[7.0564,52.3381],[7.0722,52.3523],[7.0722,52.3734],[7.0588,52.3993],[7.0358,52.4025],[7.0221,52.4227],[7.0109,52.4291],[6.9918,52.4675],[6.9879,52.4695],[6.9776,52.4655],[6.9624,52.444],[6.9417,52.4355],[6.8619,52.4514],[6.8526,52.4499],[6.8543,52.4596],[6.7746,52.4596],[6.7531,52.4638],[6.6977,52.4863],[6.7054,52.5203],[6.6809,52.5533],[6.7161,52.5486],[6.7262,52.5632],[6.7523,52.5591],[6.7666,52.5615],[6.7187,52.5887],[6.7271,52.6151],[6.7101,52.6278],[6.7262,52.6333],[6.742,52.6453],[6.768,52.6469],[6.7844,52.6526],[6.8221,52.6477],[6.8325,52.6517],[6.8516,52.6487],[6.8733,52.6531],[6.914,52.6467],[6.9197,52.6398],[6.953,52.6389],[6.9758,52.6463],[7.0419,52.6327],[7.0556,52.6434],[7.072,52.8109],[7.0927,52.8382],[7.0873,52.8499],[7.1816,52.9413],[7.2093,53.0002],[7.2173,53.007],[7.2128,53.011],[7.1993,53.081],[7.2028,53.1133],[7.1829,53.1217],[7.1857,53.1242],[7.1809,53.1277],[7.1789,53.1386],[7.1896,53.148],[7.1905,53.1618],[7.2037,53.1765],[7.227,53.1799],[7.208,53.1885],[7.2176,53.199],[7.2089,53.2431],[7.2199,53.249],[7.2328,53.2676],[7.2368,53.2874],[7.229,53.2941],[7.2425,53.3027],[7.2453,53.3189],[7.2534,53.3222],[7.3069,53.3174],[7.3065,53.323],[7.2701,53.3253],[7.2713,53.3323],[7.2679,53.3265],[7.2257,53.3338],[7.0287,53.3363],[7.0129,53.3447],[6.9981,53.3653],[6.9981,53.3717],[7.0081,53.3781],[7.0111,53.3853],[7.0081,53.3929],[7.0126,53.4113],[7.0129,53.4238],[7.0103,53.4241],[7.0256,53.4768],[7.0241,53.4824],[7.0486,53.5075],[7.0385,53.5199],[7.0336,53.5338],[7.0401,53.5384],[7.0688,53.5268],[7.0768,53.5327],[7.0874,53.5254],[7.0859,53.5214],[7.1318,53.5334],[7.1315,53.5399],[7.0871,53.5715],[7.0903,53.5797],[7.1107,53.5937],[7.1452,53.611],[7.1565,53.6293],[7.1544,53.622],[7.1568,53.6268],[7.1634,53.6254],[7.1583,53.6294],[7.1702,53.6289],[7.1826,53.6409],[7.2431,53.6685],[7.2963,53.6801],[7.3429,53.6855],[7.4794,53.6833],[7.5271,53.6715],[7.5583,53.6767],[7.5743,53.6751],[7.5706,53.6804],[7.5881,53.6802],[7.6059,53.6866],[7.7038,53.7035],[7.7046,53.7001],[7.7058,53.7034],[7.7176,53.6996],[7.75,53.7004],[7.7878,53.7094],[7.8097,53.711],[7.8089,53.7069],[7.8117,53.7115],[7.9074,53.7177],[8.0121,53.7117],[8.0321,53.7053],[8.0202,53.6838],[8.027,53.6789],[8.0306,53.6604],[8.0447,53.6414],[8.0712,53.6471],[8.0844,53.6439],[8.0816,53.6425],[8.0886,53.6409],[8.1146,53.6158],[8.1233,53.5986],[8.1489,53.6018],[8.1556,53.5858],[8.1424,53.5797],[8.1546,53.5634],[8.1513,53.5608],[8.1568,53.56],[8.1694,53.5435],[8.1564,53.5317],[8.1663,53.5268],[8.1543,53.5136],[8.0926,53.5019],[8.0623,53.5057],[8.0618,53.4845],[8.0713,53.4674],[8.099,53.4457],[8.1361,53.4527],[8.1522,53.448],[8.1939,53.4159],[8.1964,53.4123],[8.1898,53.4096],[8.2015,53.4039],[8.2508,53.3986],[8.2805,53.4134],[8.2976,53.4306],[8.2963,53.4416],[8.3085,53.4481],[8.3156,53.4602],[8.3169,53.5146],[8.3094,53.5228],[8.3001,53.5259],[8.2655,53.5185],[8.2269,53.5201],[8.2308,53.5208],[8.2341,53.533],[8.243,53.5824],[8.2626,53.6001],[8.2911,53.6129],[8.3116,53.6163],[8.338,53.6116],[8.349,53.6062],[8.3565,53.5996],[8.3539,53.597],[8.3574,53.5986],[8.3834,53.5745],[8.3989,53.5691],[8.4645,53.5525],[8.506,53.5509],[8.5176,53.5583],[8.5153,53.5513],[8.5208,53.5471],[8.5507,53.5375],[8.5553,53.5263],[8.5481,53.5199],[8.5527,53.5162],[8.509,53.4976],[8.5016,53.491],[8.4927,53.4724],[8.5058,53.4712],[8.5116,53.4767],[8.5186,53.4744],[8.5288,53.4801],[8.5738,53.4886],[8.5763,53.4856],[8.6059,53.4842],[8.6195,53.4893],[8.6366,53.5054],[8.6506,53.5108],[8.6482,53.5143],[8.6521,53.516],[8.6398,53.5253],[8.6387,53.535],[8.6421,53.5417],[8.6452,53.5405],[8.6464,53.5555],[8.6309,53.5557],[8.6168,53.5744],[8.618,53.5787],[8.6271,53.5791],[8.6427,53.5926],[8.638,53.5951],[8.6506,53.6026],[8.6233,53.6053],[8.5928,53.593],[8.5588,53.6039],[8.5204,53.6062],[8.484,53.6559],[8.4832,53.6941],[8.51,53.7377],[8.522,53.7506],[8.5185,53.7515],[8.5285,53.7677],[8.5328,53.7672],[8.529,53.7685],[8.5392,53.7888],[8.541,53.786],[8.5447,53.7889],[8.5377,53.7921],[8.542,53.8071],[8.5661,53.846],[8.5746,53.8434],[8.6046,53.871],[8.6011,53.8743],[8.6149,53.8821],[8.6693,53.8917],[8.6873,53.8898]],[[8.6119,53.1974],[8.6152,53.1959],[8.6164,53.197],[8.613,53.1986],[8.6119,53.1974]],[[8.6438,53.6101],[8.6438,53.6055],[8.6536,53.6029],[8.6609,53.6071],[8.6438,53.6101]],[[8.5046,53.2289],[8.4817,53.2264],[8.5047,53.2008],[8.5346,53.1869],[8.6195,53.1675],[8.6296,53.1401],[8.6516,53.1221],[8.652,53.1164],[8.6577,53.1185],[8.6549,53.1089],[8.6698,53.103],[8.6665,53.0916],[8.6741,53.0867],[8.7008,53.0823],[8.7092,53.0759],[8.7069,53.052],[8.7098,53.046],[8.7315,53.0349],[8.7396,53.0402],[8.7563,53.0388],[8.7547,53.0428],[8.7638,53.0469],[8.7622,53.0508],[8.7707,53.0534],[8.7783,53.0397],[8.8095,53.0309],[8.8209,53.0216],[8.8381,53.0184],[8.8498,53.0234],[8.8475,53.0177],[8.8508,53.0166],[8.854,53.0208],[8.8668,53.0221],[8.8686,53.0249],[8.8619,53.0362],[8.867,53.0408],[8.8672,53.033],[8.8912,53.0154],[8.9158,53.011],[8.9219,53.0149],[8.9359,53.0137],[8.9381,53.025],[8.9459,53.0248],[8.9457,53.0305],[8.9668,53.0368],[8.9803,53.0467],[8.9698,53.0568],[8.9637,53.0574],[8.9627,53.0611],[8.9677,53.0636],[8.9636,53.0717],[8.9657,53.0827],[8.9614,53.0852],[8.9657,53.09],[8.9909,53.0967],[8.963,53.1003],[8.9594,53.1102],[8.947,53.1161],[8.9842,53.1261],[8.9451,53.152],[8.9209,53.1447],[8.921,53.1397],[8.9121,53.1326],[8.9039,53.1382],[8.8979,53.1342],[8.864,53.1317],[8.8614,53.1379],[8.8419,53.1482],[8.8398,53.1574],[8.8272,53.1612],[8.8292,53.1644],[8.8076,53.1607],[8.782,53.1636],[8.7754,53.1587],[8.7612,53.1652],[8.7412,53.1646],[8.7431,53.1723],[8.7336,53.1729],[8.7287,53.1802],[8.7144,53.183],[8.7063,53.1754],[8.7012,53.1782],[8.6994,53.1855],[8.677,53.1755],[8.6747,53.1789],[8.6638,53.1762],[8.659,53.1773],[8.6523,53.1884],[8.6437,53.1892],[8.628,53.1984],[8.5933,53.1836],[8.589,53.19],[8.5804,53.19],[8.5847,53.1961],[8.5811,53.1987],[8.5958,53.2064],[8.599,53.2125],[8.5785,53.2173],[8.5723,53.2108],[8.5664,53.2136],[8.5537,53.2078],[8.5408,53.2154],[8.5302,53.2161],[8.5173,53.2285],[8.5046,53.2289]]]]}},{"type":"Feature","properties":{"id":"04","ars":"04","gen":"Bremen"},"geometry":{"type":"MultiPolygon","coordinates":[[[[8.6164,53.197],[8.6152,53.1959],[8.6119,53.1974],[8.613,53.1986],[8.6164,53.197]]],[[[8.6472,53.61],[8.6609,53.6071],[8.6577,53.603],[8.6438,53.6055],[8.6426,53.6092],[8.6472,53.61]]],[[[8.5395,53.6063],[8.5928,53.593],[8.6233,53.6053],[8.6506,53.6026],[8.638,53.5951],[8.6427,53.5926],[8.6271,53.5791],[8.618,53.5787],[8.6168,53.5744],[8.6309,53.5557],[8.6464,53.5555],[8.6452,53.5405],[8.6421,53.5417],[8.6387,53.535],[8.6398,53.5253],[8.6521,53.516],[8.6482,53.5143],[8.6506,53.5108],[8.6366,53.5054],[8.6195,53.4893],[8.6059,53.4842],[8.5763,53.4856],[8.5738,53.4886],[8.5288,53.4801],[8.5186,53.4744],[8.5116,53.4767],[8.5058,53.4712],[8.4927,53.4724],[8.5016,53.491],[8.5146,53.5014],[8.5527,53.5162],[8.5609,53.5093],[8.5763,53.5364],[8.5094,53.6031],[8.5395,53.6063]]],[[[8.5046,53.2289],[8.5173,53.2285],[8.5302,53.2161],[8.5408,53.2154],[8.5537,53.2078],[8.5664,53.2136],[8.5723,53.2108],[8.5785,53.2173],[8.599,53.2125],[8.5958,53.2064],[8.5811,53.1987],[8.5847,53.1961],[8.5804,53.19],[8.589,53.19],[8.5933,53.1836],[8.628,53.1984],[8.6437,53.1892],[8.6523,53.1884],[8.659,53.1773],[8.6638,53.1762],[8.6747,53.1789],[8.677,53.1755],[8.6994,53.1855],[8.7012,53.1782],[8.7063,53.1754],[8.7144,53.183],[8.7287,53.1802],[8.7336,53.1729],[8.7431,53.1723],[8.7412,53.1646],[8.7612,53.1652],[8.7754,53.1587],[8.782,53.1636],[8.8076,53.1607],[8.8292,53.1644],[8.8272,53.1612],[8.8398,53.1574],[8.8419,53.1482],[8.8614,53.1379],[8.864,53.1317],[8.8979,53.1342],[8.9039,53.1382],[8.9121,53.1326],[8.921,53.1397],[8.9209,53.1447],[8.9451,53.152],[8.9842,53.1261],[8.947,53.1161],[8.9594,53.1102],[8.963,53.1003],[8.9909,53.0967],[8.9657,53.09],[8.9614,53.0852],[8.9657,53.0827],[8.9636,53.0717],[8.9677,53.0636],[8.9627,53.0611],[8.9637,53.0574],[8.9698,53.0568],[8.9803,53.0467],[8.9668,53.0368],[8.9457,53.0305],[8.9459,53.0248],[8.9381,53.025],[8.9359,53.0137],[8.9219,53.0149],[8.9158,53.011],[8.8912,53.0154],[8.8672,53.033],[8.867,53.0408],[8.8619,53.0362],[8.8686,53.0249],[8.8668,53.0221],[8.854,53.0208],[8.8508,53.0166],[8.8475,53.0177],[8.8498,53.0234],[8.8381,53.0184],[8.8209,53.0216],[8.8095,53.0309],[8.7783,53.0397],[8.7707,53.0534],[8.7622,53.0508],[8.7638,53.0469],[8.7547,53.0428],[8.7563,53.0388],[8.7396,53.0402],[8.7315,53.0349],[8.7098,53.046],[8.7069,53.052],[8.7092,53.0759],[8.7008,53.0823],[8.6741,53.0867],[8.6665,53.0916],[8.6698,53.103],[8.6549,53.1089],[8.6577,53.1185],[8.652,53.1164],[8.6516,53.1221],[8.6296,53.1401],[8.6195,53.1675],[8.5346,53.1869],[8.5047,53.2008],[8.4817,53.2264],[8.5046,53.2289]]]]}},{"type":"Feature","properties":{"id":"05","ars":"05","gen":"Nordrhein-Westfalen"},"geometry":{"type":"MultiPolygon","coordinates":[[[[6.2051,50.522],[6.1922,50.5211],[6.1873,50.5271],[6.1953,50.531],[6.2051,50.522]]],[[[6.1926,50.6626],[6.1944,50.6575],[6.1839,50.6489],[6.167,50.661],[6.1926,50.6626]]],[[[6.1823,50.6451],[6.1882,50.6393],[6.2147,50.6392],[6.2249,50.6409],[6.2315,50.648],[6.2445,50.64],[6.264,50.641],[6.2712,50.6293],[6.2355,50.6259],[6.2169,50.6322],[6.1943,50.6339],[6.1818,50.6238],[6.1756,50.6273],[6.1833,50.6323],[6.1666,50.6437],[6.1823,50.6451]]],[[[6.2379,50.5779],[6.2342,50.5665],[6.2259,50.562],[6.2247,50.5567],[6.2096,50.5551],[6.1967,50.5362],[6.178,50.5416],[6.1784,50.554],[6.1744,50.5575],[6.2031,50.5693],[6.2063,50.5763],[6.2191,50.5814],[6.2252,50.5905],[6.2395,50.5875],[6.2379,50.5779]]],[[[8.67,52.5186],[8.6903,52.5188],[8.6841,52.5144],[8.6987,52.5088],[8.7021,52.5035],[8.6988,52.5016],[8.703,52.5004],[8.6985,52.4867],[8.7095,52.4767],[8.7107,52.4651],[8.7047,52.4554],[8.7034,52.4427],[8.7181,52.4294],[8.7171,52.4251],[8.7048,52.4187],[8.7109,52.4082],[8.7075,52.3954],[8.7152,52.3926],[8.7249,52.4009],[8.7461,52.3879],[8.7868,52.3987],[8.8551,52.3892],[8.8669,52.3963],[8.8686,52.3927],[8.8892,52.396],[8.8925,52.4057],[8.8977,52.4016],[8.9037,52.4019],[8.9031,52.4046],[8.9371,52.4019],[8.9352,52.4046],[8.9441,52.4084],[8.9461,52.4135],[8.9411,52.4163],[8.958,52.4162],[8.9622,52.425],[8.978,52.427],[8.9871,52.4325],[8.9792,52.4363],[8.9867,52.4455],[8.9784,52.4507],[8.9921,52.4506],[8.9989,52.4576],[9.017,52.4602],[9.0166,52.4673],[9.0225,52.4702],[9.0238,52.4782],[9.0441,52.4826],[9.0413,52.4875],[9.0531,52.5004],[9.0658,52.4962],[9.0994,52.4975],[9.1124,52.4858],[9.1327,52.4833],[9.1367,52.4755],[9.1237,52.4744],[9.1256,52.4683],[9.1029,52.4569],[9.0945,52.4428],[9.1105,52.4354],[9.1124,52.4275],[9.1059,52.4252],[9.112,52.4208],[9.1238,52.4215],[9.1253,52.412],[9.1174,52.3971],[9.1124,52.3977],[9.0955,52.3867],[9.1007,52.3806],[9.0988,52.3729],[9.0889,52.3663],[9.0851,52.3559],[9.0725,52.3483],[9.0592,52.3469],[9.0579,52.3396],[9.0274,52.3456],[9.0253,52.337],[9.0189,52.331],[9.0096,52.3312],[9.0077,52.3257],[8.9983,52.3262],[8.9978,52.3184],[8.991,52.3148],[8.9916,52.3071],[8.9853,52.2957],[8.9881,52.2876],[8.9635,52.279],[8.9721,52.2735],[8.9786,52.2748],[8.9743,52.2628],[9.0042,52.2575],[9.0065,52.2528],[9.033,52.2495],[9.0762,52.2321],[9.0517,52.2202],[9.0424,52.2262],[9.0358,52.2245],[9.0341,52.2176],[9.0459,52.2108],[9.0434,52.2041],[9.0485,52.1957],[9.0431,52.1904],[9.0453,52.1838],[9.0211,52.1838],[9.0175,52.1891],[9.0196,52.1922],[9.0136,52.1954],[9.007,52.1895],[8.994,52.1961],[8.9858,52.1946],[8.9938,52.1918],[8.9963,52.1856],[9.001,52.1878],[9.0013,52.1832],[9.0124,52.1779],[9.0118,52.173],[9.0216,52.172],[9.0127,52.1624],[9.0175,52.1477],[9.011,52.1358],[9.0178,52.1324],[9.0363,52.1401],[9.0444,52.1396],[9.0534,52.1482],[9.0716,52.1483],[9.0678,52.1403],[9.0818,52.1411],[9.107,52.1324],[9.1161,52.1384],[9.1298,52.1397],[9.1291,52.1353],[9.1447,52.1349],[9.1533,52.1291],[9.1593,52.1198],[9.1558,52.1143],[9.1462,52.1132],[9.1469,52.1092],[9.1359,52.1058],[9.133,52.0966],[9.1346,52.0943],[9.1465,52.0999],[9.1556,52.0978],[9.1547,52.0918],[9.1761,52.0861],[9.1933,52.0703],[9.1813,52.0679],[9.1794,52.0621],[9.1744,52.0604],[9.1722,52.0474],[9.1773,52.0412],[9.1733,52.0406],[9.1769,52.0337],[9.189,52.0263],[9.1974,52.0117],[9.1793,52.0027],[9.1968,51.9969],[9.1837,51.9909],[9.1831,51.9858],[9.1747,51.9833],[9.1762,51.9804],[9.187,51.9739],[9.1872,51.9653],[9.1986,51.9623],[9.2009,51.9654],[9.2089,51.9599],[9.2094,51.9672],[9.2171,51.9698],[9.2169,51.9736],[9.2578,51.9772],[9.27,51.9739],[9.2661,51.9716],[9.2684,51.9702],[9.2744,51.9736],[9.2776,51.9619],[9.2863,51.9571],[9.2714,51.9551],[9.2717,51.9497],[9.2639,51.9481],[9.2771,51.9439],[9.2786,51.9401],[9.2734,51.9401],[9.2721,51.9323],[9.2867,51.921],[9.3152,51.9227],[9.3184,51.9184],[9.3322,51.917],[9.3414,51.9066],[9.3452,51.8892],[9.3378,51.8608],[9.3358,51.8561],[9.3233,51.8551],[9.3347,51.8536],[9.3629,51.8649],[9.4049,51.8556],[9.4374,51.8562],[9.4596,51.8628],[9.4606,51.8549],[9.4333,51.8407],[9.4422,51.8292],[9.4367,51.8278],[9.4405,51.8249],[9.4273,51.8105],[9.4305,51.8107],[9.4309,51.8049],[9.4408,51.8035],[9.4364,51.797],[9.4482,51.7948],[9.4096,51.771],[9.4027,51.7594],[9.3843,51.7579],[9.3837,51.7502],[9.3754,51.7436],[9.3789,51.7381],[9.3944,51.732],[9.3873,51.7194],[9.4017,51.7017],[9.3869,51.6898],[9.3946,51.6812],[9.3957,51.674],[9.3799,51.6665],[9.3747,51.6498],[9.3863,51.646],[9.4347,51.6512],[9.4405,51.6504],[9.437,51.6482],[9.4449,51.6442],[9.4267,51.6308],[9.3985,51.6246],[9.3773,51.6266],[9.3719,51.6256],[9.3713,51.6192],[9.358,51.6203],[9.3371,51.6147],[9.3563,51.5977],[9.3735,51.591],[9.3522,51.5801],[9.3311,51.5568],[9.317,51.5524],[9.32,51.5468],[9.31,51.5309],[9.3159,51.523],[9.3083,51.5126],[9.2823,51.5144],[9.2694,51.5071],[9.2643,51.4979],[9.2421,51.4977],[9.2367,51.4924],[9.2398,51.4909],[9.2248,51.4896],[9.2166,51.4812],[9.2165,51.4596],[9.1851,51.4663],[9.1744,51.4629],[9.1584,51.4431],[9.1493,51.442],[9.1357,51.4502],[9.1318,51.4463],[9.0943,51.4446],[9.0864,51.4491],[9.0869,51.4612],[9.0772,51.4649],[9.0921,51.4873],[9.0923,51.4944],[9.0765,51.5035],[9.0607,51.4987],[9.0575,51.5025],[9.0393,51.5019],[9.0176,51.5182],[9.0049,51.5124],[8.9415,51.4998],[8.8904,51.4819],[8.8941,51.4712],[8.9107,51.4619],[8.914,51.4526],[8.9218,51.4461],[8.9188,51.4303],[8.9481,51.4282],[8.9454,51.4188],[8.9515,51.4135],[8.9408,51.4103],[8.9431,51.3969],[8.9395,51.3895],[8.8896,51.3927],[8.854,51.3771],[8.838,51.3833],[8.8366,51.3885],[8.8273,51.3852],[8.8234,51.3898],[8.804,51.3908],[8.7705,51.3848],[8.7603,51.3783],[8.7329,51.3724],[8.6938,51.3768],[8.6774,51.3718],[8.6835,51.3622],[8.6666,51.3557],[8.6597,51.3484],[8.6556,51.3496],[8.6537,51.3398],[8.6378,51.3436],[8.6211,51.3365],[8.6175,51.3272],[8.605,51.3237],[8.6038,51.3158],[8.5926,51.3039],[8.5563,51.2775],[8.5782,51.2675],[8.591,51.249],[8.6092,51.2467],[8.6254,51.2533],[8.6283,51.2605],[8.6809,51.2683],[8.6926,51.2764],[8.722,51.2737],[8.7218,51.2677],[8.7366,51.2622],[8.7276,51.2501],[8.7417,51.2184],[8.7682,51.2089],[8.765,51.2039],[8.7495,51.1977],[8.75,51.1815],[8.7582,51.1772],[8.736,51.1605],[8.7133,51.1517],[8.6922,51.1328],[8.6963,51.1235],[8.7008,51.1233],[8.7017,51.1166],[8.7188,51.1157],[8.7197,51.1103],[8.6905,51.1092],[8.6566,51.0949],[8.6015,51.102],[8.551,51.1028],[8.5453,51.0972],[8.5281,51.097],[8.5226,51.0905],[8.508,51.0854],[8.5017,51.0795],[8.5032,51.0746],[8.5222,51.069],[8.5276,51.0629],[8.5204,51.0501],[8.5159,51.0512],[8.5051,51.0414],[8.5098,51.0376],[8.5207,51.043],[8.5251,51.0389],[8.5243,51.032],[8.5313,51.0293],[8.5346,51.0206],[8.5388,51.0194],[8.5306,51.0182],[8.5308,51.0138],[8.5246,51.0099],[8.5141,51.0092],[8.5166,51.0058],[8.5014,50.9985],[8.4958,50.9881],[8.4734,50.975],[8.4779,50.969],[8.4597,50.9667],[8.4623,50.9497],[8.4493,50.9411],[8.4587,50.9211],[8.4564,50.9165],[8.4334,50.9182],[8.388,50.8919],[8.3856,50.8758],[8.3719,50.8743],[8.3666,50.8686],[8.3692,50.8646],[8.3587,50.8607],[8.3527,50.8654],[8.3367,50.8657],[8.3055,50.8611],[8.2919,50.8772],[8.292,50.8821],[8.2697,50.8819],[8.2596,50.8713],[8.2331,50.8553],[8.2313,50.8506],[8.1828,50.8249],[8.1658,50.8035],[8.1384,50.7903],[8.1255,50.7884],[8.1294,50.7875],[8.1317,50.777],[8.1417,50.7717],[8.1356,50.7672],[8.1518,50.7599],[8.1486,50.7559],[8.1643,50.7445],[8.16,50.7427],[8.1649,50.7421],[8.1668,50.7357],[8.1426,50.6954],[8.1313,50.6969],[8.1262,50.6926],[8.1258,50.6858],[8.1211,50.6854],[8.0992,50.7036],[8.0825,50.7029],[8.0796,50.7061],[8.0597,50.695],[8.0397,50.6974],[8.043,50.7117],[8.0403,50.7257],[8.0002,50.7551],[7.984,50.761],[7.9689,50.7739],[7.9642,50.7838],[7.969,50.7856],[7.9673,50.7982],[7.9739,50.8042],[7.972,50.8147],[7.9766,50.8249],[7.9741,50.8286],[7.9783,50.8333],[7.9681,50.836],[7.967,50.844],[7.9577,50.8489],[7.9186,50.8446],[7.9059,50.8481],[7.893,50.8595],[7.8939,50.8645],[7.8871,50.8654],[7.8825,50.8749],[7.8293,50.8824],[7.8267,50.8908],[7.835,50.9019],[7.8337,50.9083],[7.8515,50.9258],[7.8465,50.9307],[7.8383,50.9263],[7.8189,50.9333],[7.8133,50.94],[7.7928,50.9423],[7.7762,50.929],[7.7573,50.9202],[7.7355,50.9178],[7.7469,50.9124],[7.7451,50.9052],[7.7604,50.9004],[7.753,50.8884],[7.7588,50.8798],[7.7483,50.8672],[7.766,50.8568],[7.7532,50.8514],[7.7622,50.8451],[7.7293,50.8505],[7.7143,50.8404],[7.7136,50.8336],[7.7064,50.8339],[7.6994,50.825],[7.6746,50.8192],[7.661,50.8204],[7.6641,50.8154],[7.6795,50.81],[7.675,50.8027],[7.6822,50.7954],[7.6759,50.7793],[7.6685,50.7862],[7.6589,50.7848],[7.6622,50.7732],[7.6555,50.7679],[7.6182,50.7702],[7.601,50.7663],[7.5916,50.7562],[7.5953,50.751],[7.5924,50.7405],[7.5802,50.7381],[7.5503,50.746],[7.5215,50.7337],[7.5194,50.7374],[7.5201,50.729],[7.5019,50.73],[7.4798,50.7183],[7.4486,50.7174],[7.4432,50.7112],[7.4234,50.71],[7.4071,50.7182],[7.3973,50.7143],[7.374,50.7182],[7.3571,50.6979],[7.3683,50.6971],[7.3651,50.6876],[7.3721,50.6821],[7.3662,50.6807],[7.37,50.678],[7.3693,50.6725],[7.3643,50.6727],[7.3558,50.6652],[7.359,50.6495],[7.3335,50.6384],[7.3226,50.6419],[7.2973,50.6318],[7.2703,50.6266],[7.217,50.6281],[7.2129,50.6235],[7.2115,50.6482],[7.2034,50.6501],[7.1906,50.636],[7.1898,50.6239],[7.174,50.6189],[7.173,50.6126],[7.1547,50.6147],[7.1492,50.6095],[7.1479,50.6003],[7.1151,50.6118],[7.1038,50.5913],[7.0874,50.586],[7.069,50.5927],[7.0663,50.6007],[7.0593,50.6004],[7.0561,50.6062],[6.9981,50.565],[6.9836,50.5657],[6.9721,50.5559],[6.9565,50.557],[6.9514,50.5634],[6.931,50.5605],[6.922,50.5543],[6.929,50.5426],[6.9293,50.5331],[6.909,50.5255],[6.8987,50.5271],[6.9008,50.5308],[6.8821,50.5269],[6.8845,50.5199],[6.8978,50.5177],[6.8886,50.507],[6.9071,50.5026],[6.8979,50.4923],[6.9056,50.485],[6.8992,50.478],[6.9032,50.4753],[6.9015,50.4691],[6.8767,50.4648],[6.8586,50.4533],[6.8405,50.4639],[6.8121,50.4722],[6.8062,50.4882],[6.8009,50.4913],[6.7754,50.4825],[6.7683,50.4843],[6.7591,50.4746],[6.7446,50.4726],[6.7432,50.4677],[6.7477,50.4662],[6.7581,50.4709],[6.7571,50.463],[6.7666,50.4586],[6.7629,50.4557],[6.7646,50.4508],[6.7437,50.4409],[6.7455,50.4359],[6.7603,50.4314],[6.7712,50.4361],[6.7707,50.425],[6.7851,50.4206],[6.7792,50.4136],[6.7793,50.405],[6.7693,50.3927],[6.7847,50.3748],[6.8027,50.3693],[6.7995,50.3612],[6.7777,50.3644],[6.7768,50.3581],[6.7709,50.3612],[6.7535,50.3541],[6.7324,50.3525],[6.706,50.3428],[6.6992,50.3361],[6.6964,50.3464],[6.6868,50.3584],[6.6674,50.372],[6.656,50.3674],[6.6575,50.357],[6.65,50.3482],[6.6362,50.3454],[6.6236,50.3516],[6.6218,50.36],[6.6274,50.3719],[6.6163,50.377],[6.6041,50.3751],[6.6012,50.3784],[6.6068,50.381],[6.6031,50.3882],[6.5852,50.3825],[6.5819,50.3775],[6.5692,50.3766],[6.559,50.3694],[6.5432,50.3662],[6.5422,50.3711],[6.5305,50.3693],[6.5166,50.3622],[6.5164,50.3554],[6.5071,50.3599],[6.5048,50.3524],[6.4918,50.347],[6.4847,50.3386],[6.466,50.3426],[6.4516,50.3364],[6.4496,50.3384],[6.4587,50.344],[6.4572,50.3518],[6.4612,50.359],[6.4495,50.3638],[6.4486,50.3713],[6.4354,50.3703],[6.43,50.3632],[6.4209,50.3689],[6.4208,50.3732],[6.4149,50.3745],[6.422,50.3819],[6.413,50.3895],[6.385,50.3842],[6.3919,50.3798],[6.389,50.3717],[6.3973,50.3677],[6.3955,50.3614],[6.406,50.3638],[6.3972,50.3579],[6.4047,50.3506],[6.4079,50.3394],[6.415,50.3327],[6.4241,50.3338],[6.4253,50.323],[6.405,50.3233],[6.4079,50.3351],[6.4005,50.3381],[6.3983,50.3457],[6.3681,50.3581],[6.3694,50.3611],[6.3606,50.3715],[6.3422,50.38],[6.3569,50.3911],[6.3699,50.4089],[6.3667,50.4192],[6.3776,50.4394],[6.3718,50.4556],[6.3629,50.4539],[6.3402,50.4626],[6.3438,50.4688],[6.3375,50.4747],[6.3416,50.4835],[6.3513,50.4883],[6.3348,50.489],[6.3091,50.5014],[6.2975,50.4976],[6.2699,50.5045],[6.2618,50.4988],[6.2517,50.5035],[6.2266,50.4944],[6.2091,50.5147],[6.2126,50.5156],[6.2081,50.5174],[6.2072,50.5243],[6.197,50.531],[6.2125,50.5543],[6.2258,50.5545],[6.2286,50.5616],[6.2368,50.5663],[6.2412,50.5871],[6.2496,50.5982],[6.2477,50.6037],[6.26,50.6098],[6.274,50.6282],[6.2669,50.6415],[6.2464,50.6415],[6.2315,50.65],[6.2197,50.6412],[6.1877,50.6411],[6.184,50.6471],[6.1971,50.6567],[6.1949,50.6637],[6.1653,50.6628],[6.1624,50.6714],[6.1436,50.6817],[6.1437,50.6889],[6.1232,50.7071],[6.1248,50.7111],[6.1153,50.7221],[6.0732,50.721],[6.0446,50.7284],[6.039,50.7184],[6.0332,50.731],[6.0398,50.7376],[6.0405,50.7455],[6.0214,50.7531],[6.0183,50.7632],[6.0273,50.7744],[5.9749,50.798],[5.9855,50.8106],[6.0035,50.8013],[6.0251,50.8142],[6.0221,50.8168],[6.0263,50.8199],[6.025,50.8277],[6.0165,50.8338],[6.0189,50.8463],[6.0548,50.8574],[6.0568,50.8511],[6.074,50.8468],[6.0773,50.8607],[6.0882,50.8724],[6.0753,50.8934],[6.081,50.9087],[6.0941,50.9209],[6.0567,50.9218],[6.0509,50.93],[6.0456,50.928],[6.0182,50.9344],[6.0168,50.9525],[6.0053,50.9568],[6.0156,50.9627],[6.0264,50.9833],[5.9808,50.9831],[5.9671,50.9795],[5.9552,50.9884],[5.8972,50.9748],[5.8927,50.9803],[5.9038,50.9875],[5.9055,51.0022],[5.8957,51.0044],[5.8958,51.011],[5.8787,51.0181],[5.8746,51.0293],[5.8779,51.0378],[5.8663,51.0512],[5.8923,51.0532],[5.9132,51.0667],[5.919,51.0638],[5.9264,51.048],[5.9381,51.0351],[5.9579,51.0347],[5.9579,51.041],[5.969,51.0467],[5.9698,51.0606],[5.9978,51.0843],[6.0177,51.0945],[6.0375,51.097],[6.0603,51.1159],[6.0758,51.1192],[6.0808,51.1261],[6.0871,51.1246],[6.0844,51.126],[6.0919,51.135],[6.1159,51.1391],[6.1264,51.1452],[6.1634,51.1488],[6.1627,51.1528],[6.1754,51.1585],[6.1388,51.1733],[6.1807,51.1864],[6.165,51.1944],[6.1222,51.1812],[6.1001,51.17],[6.0823,51.1716],[6.0733,51.183],[6.068,51.2205],[6.0858,51.2226],[6.0727,51.2426],[6.1245,51.2746],[6.1298,51.2866],[6.1541,51.3074],[6.1686,51.3329],[6.1931,51.3347],[6.1898,51.3393],[6.2261,51.3605],[6.2144,51.3896],[6.2264,51.3997],[6.2052,51.3995],[6.2149,51.4344],[6.2139,51.4463],[6.2205,51.4469],[6.2232,51.4689],[6.2234,51.4749],[6.213,51.4911],[6.2121,51.5134],[6.1993,51.528],[6.177,51.5387],[6.157,51.5667],[6.1306,51.5811],[6.1213,51.5928],[6.0912,51.6059],[6.094,51.6221],[6.1,51.6241],[6.1095,51.6468],[6.1171,51.6508],[6.1182,51.6561],[6.0369,51.6728],[6.0298,51.6782],[6.0325,51.684],[6.0282,51.6896],[6.0318,51.6927],[6.0262,51.7087],[6.045,51.717],[6.0354,51.7177],[6.0291,51.7257],[5.9942,51.7383],[5.9551,51.7381],[5.9531,51.741],[5.952,51.7491],[5.9905,51.7662],[5.9916,51.77],[5.9823,51.7737],[5.9905,51.7832],[5.9746,51.785],[5.9744,51.7956],[5.9782,51.7972],[5.9465,51.8131],[5.9481,51.8166],[5.9578,51.8172],[5.945,51.8237],[5.9629,51.8368],[5.9859,51.8307],[6.0016,51.8323],[6.018,51.8416],[6.029,51.8451],[6.035,51.8429],[6.0553,51.8523],[6.0518,51.8566],[6.0595,51.8576],[6.0634,51.8654],[6.0934,51.8509],[6.1664,51.8408],[6.1637,51.8541],[6.1668,51.861],[6.1445,51.8699],[6.1374,51.8856],[6.1033,51.8926],[6.118,51.9017],[6.1255,51.8983],[6.1547,51.9052],[6.1911,51.8916],[6.1914,51.8874],[6.1819,51.8859],[6.1852,51.8815],[6.2085,51.8695],[6.2618,51.8681],[6.2698,51.8741],[6.2795,51.8741],[6.2989,51.8679],[6.3066,51.8492],[6.3468,51.8506],[6.3602,51.8458],[6.3629,51.8362],[6.3882,51.8336],[6.4018,51.8273],[6.4078,51.8281],[6.4028,51.8367],[6.4081,51.8366],[6.4024,51.8446],[6.4092,51.8523],[6.3881,51.862],[6.3908,51.8739],[6.4279,51.8657],[6.4324,51.8594],[6.4511,51.8653],[6.4624,51.856],[6.4726,51.8538],[6.4996,51.8618],[6.5011,51.8681],[6.5246,51.8737],[6.5445,51.8847],[6.5496,51.8831],[6.5524,51.8862],[6.5604,51.8821],[6.5856,51.8939],[6.6343,51.901],[6.6842,51.9176],[6.6955,51.9158],[6.6975,51.9099],[6.7037,51.9094],[6.7033,51.9064],[6.7217,51.8962],[6.7326,51.8987],[6.7371,51.9046],[6.77,51.9162],[6.7889,51.9297],[6.786,51.9312],[6.794,51.9351],[6.7972,51.9425],[6.7986,51.9588],[6.8285,51.9641],[6.8329,51.9718],[6.8266,51.9935],[6.8078,51.995],[6.8115,51.9981],[6.7526,52.0286],[6.7147,52.0399],[6.6877,52.0399],[6.6869,52.0557],[6.696,52.0644],[6.6947,52.0698],[6.7356,52.0747],[6.7512,52.0855],[6.7445,52.0931],[6.7551,52.0949],[6.7606,52.1187],[6.8554,52.1204],[6.8734,52.1302],[6.8804,52.156],[6.9058,52.17],[6.9068,52.1752],[6.9513,52.181],[6.9892,52.2269],[7.039,52.2276],[7.061,52.2348],[7.0659,52.2413],[7.1055,52.2446],[7.1212,52.2611],[7.1532,52.2665],[7.2979,52.264],[7.3175,52.2803],[7.3456,52.2827],[7.3616,52.2883],[7.3708,52.3002],[7.3865,52.3093],[7.397,52.3062],[7.4039,52.3129],[7.4272,52.314],[7.4378,52.3334],[7.4794,52.3476],[7.5053,52.3611],[7.5299,52.3699],[7.564,52.3707],[7.5601,52.3722],[7.5704,52.3786],[7.5821,52.3764],[7.5713,52.3812],[7.5836,52.3955],[7.5828,52.4037],[7.6012,52.4139],[7.6027,52.421],[7.5643,52.4323],[7.571,52.4323],[7.583,52.4549],[7.6042,52.4751],[7.6558,52.4625],[7.6674,52.4561],[7.6884,52.4537],[7.7023,52.4344],[7.7138,52.401],[7.8071,52.3714],[7.843,52.369],[7.8918,52.3805],[7.9217,52.3656],[7.9367,52.365],[7.9439,52.3556],[7.942,52.3476],[7.9478,52.3501],[7.9535,52.3472],[7.95,52.3453],[7.9486,52.3351],[7.978,52.3127],[7.9906,52.3095],[7.9872,52.3036],[7.9496,52.3059],[7.9318,52.3018],[7.9308,52.2864],[7.9565,52.2725],[7.9457,52.2653],[7.9256,52.2628],[7.9231,52.2528],[7.9286,52.2412],[7.9266,52.2265],[7.9198,52.2217],[7.9146,52.2229],[7.9128,52.2174],[7.9058,52.2141],[7.9064,52.2081],[7.8998,52.2068],[7.9063,52.2025],[7.903,52.1989],[7.9089,52.195],[7.9081,52.1899],[7.9142,52.1879],[7.9129,52.1851],[7.934,52.1769],[7.9575,52.1779],[7.9743,52.1711],[8.0075,52.176],[8.0252,52.1635],[8.0206,52.1591],[8.002,52.16],[8.0031,52.1546],[7.9974,52.1545],[8.0006,52.1533],[7.9978,52.1503],[8.0035,52.1497],[8.0078,52.1153],[7.9718,52.116],[7.9581,52.1052],[7.9017,52.092],[7.8852,52.0844],[7.9207,52.058],[7.9169,52.0516],[7.9811,52.0355],[7.9937,52.0496],[8.0191,52.0586],[8.0193,52.0623],[8.0327,52.0684],[8.0425,52.0631],[8.0667,52.0681],[8.087,52.0645],[8.0964,52.0571],[8.1515,52.0764],[8.1723,52.0719],[8.1925,52.0726],[8.2014,52.0882],[8.2214,52.1061],[8.2459,52.1214],[8.2625,52.1204],[8.2667,52.1323],[8.2734,52.1307],[8.2871,52.1352],[8.2853,52.1255],[8.2983,52.1207],[8.3112,52.1183],[8.3239,52.1259],[8.3428,52.1237],[8.3637,52.1184],[8.3732,52.1098],[8.3951,52.1088],[8.4106,52.1151],[8.4044,52.129],[8.4147,52.1391],[8.4535,52.1554],[8.4621,52.1531],[8.4804,52.1594],[8.4854,52.1659],[8.4931,52.1668],[8.5056,52.1794],[8.5174,52.185],[8.4602,52.196],[8.4423,52.2134],[8.4611,52.2291],[8.4598,52.2428],[8.4681,52.2471],[8.4627,52.2522],[8.4636,52.2566],[8.4588,52.2582],[8.4662,52.2676],[8.4631,52.2821],[8.4594,52.2816],[8.4611,52.2989],[8.458,52.302],[8.4649,52.3037],[8.4721,52.3154],[8.4606,52.3187],[8.4426,52.359],[8.4324,52.3665],[8.401,52.3774],[8.3931,52.3846],[8.363,52.3899],[8.314,52.4057],[8.3229,52.4107],[8.3159,52.4125],[8.322,52.4262],[8.3122,52.4363],[8.304,52.4343],[8.308,52.4447],[8.2972,52.4565],[8.3114,52.459],[8.3261,52.4517],[8.3479,52.4523],[8.3597,52.444],[8.3859,52.445],[8.4001,52.4509],[8.4181,52.4444],[8.4178,52.4493],[8.4253,52.4517],[8.4303,52.4477],[8.4543,52.461],[8.4593,52.4736],[8.4589,52.4917],[8.4725,52.4988],[8.4816,52.497],[8.5088,52.5147],[8.5166,52.5093],[8.5569,52.4991],[8.6524,52.5314],[8.67,52.5186]]]]}},{"type":"Feature","properties":{"id":"06","ars":"06","gen":"Hessen"},"geometry":{"type":"MultiPolygon","coordinates":[[[[8.6806,49.6225],[8.6859,49.6217],[8.686,49.6184],[8.6719,49.6159],[8.6806,49.6225]],[[8.6801,49.6203],[8.6801,49.6187],[8.6821,49.6189],[8.6837,49.6191],[8.684,49.62],[8.6841,49.6202],[8.6823,49.6203],[8.6801,49.6203]]],[[[9.4949,51.6464],[9.4919,51.6347],[9.5131,51.6264],[9.5277,51.6279],[9.5436,51.6399],[9.5531,51.6376],[9.5594,51.6292],[9.5707,51.6247],[9.6096,51.6296],[9.626,51.6369],[9.6316,51.6342],[9.6271,51.629],[9.6366,51.6234],[9.6378,51.6088],[9.6495,51.6063],[9.6611,51.593],[9.6723,51.5874],[9.6798,51.588],[9.6909,51.5763],[9.684,51.5665],[9.6601,51.5727],[9.6449,51.5822],[9.6268,51.582],[9.6284,51.5672],[9.6364,51.5589],[9.645,51.5594],[9.6478,51.5525],[9.6224,51.5487],[9.6129,51.5579],[9.6093,51.5569],[9.622,51.5419],[9.6203,51.5325],[9.6089,51.5222],[9.5925,51.5234],[9.5865,51.5198],[9.6186,51.4818],[9.6438,51.4692],[9.6299,51.4579],[9.6276,51.4442],[9.6343,51.4261],[9.6436,51.4183],[9.6311,51.4116],[9.6306,51.4061],[9.61,51.4078],[9.5945,51.398],[9.5875,51.4027],[9.5785,51.4014],[9.574,51.3921],[9.564,51.387],[9.5593,51.3792],[9.561,51.3748],[9.577,51.3696],[9.5687,51.362],[9.5501,51.3619],[9.5484,51.359],[9.5613,51.3453],[9.568,51.34],[9.5817,51.3422],[9.606,51.3277],[9.6044,51.3256],[9.6334,51.3259],[9.6385,51.3224],[9.6329,51.3244],[9.6285,51.3119],[9.6345,51.3116],[9.6358,51.3171],[9.6622,51.3117],[9.6694,51.3177],[9.6789,51.311],[9.7323,51.2952],[9.7682,51.3067],[9.7752,51.3252],[9.7703,51.3254],[9.7724,51.3293],[9.7635,51.3253],[9.7725,51.3363],[9.7631,51.3362],[9.7683,51.3325],[9.7565,51.3287],[9.7454,51.319],[9.7382,51.3194],[9.7368,51.329],[9.7269,51.3369],[9.7206,51.3485],[9.704,51.3581],[9.7021,51.3646],[9.7232,51.3705],[9.7385,51.3692],[9.7523,51.3747],[9.7566,51.3823],[9.7659,51.386],[9.7866,51.3893],[9.8015,51.3869],[9.8001,51.3992],[9.7926,51.4024],[9.7941,51.4072],[9.8035,51.4104],[9.8215,51.41],[9.8338,51.4025],[9.8406,51.4026],[9.8401,51.3836],[9.8532,51.3722],[9.8653,51.3716],[9.868,51.3749],[9.8559,51.3848],[9.8607,51.3943],[9.8505,51.4014],[9.8538,51.4104],[9.8507,51.4144],[9.8685,51.4138],[9.8783,51.4045],[9.8846,51.4102],[9.8832,51.415],[9.8993,51.4165],[9.906,51.4211],[9.9134,51.4106],[9.9072,51.4076],[9.9311,51.3927],[9.9326,51.3796],[9.9266,51.3763],[9.9283,51.3724],[9.9233,51.368],[9.9255,51.3538],[9.9328,51.346],[9.9299,51.34],[9.9434,51.3345],[9.9476,51.3264],[9.9488,51.317],[9.9402,51.3066],[9.9699,51.3003],[9.9705,51.2947],[9.9764,51.2912],[9.973,51.2844],[10.0043,51.287],[10.03,51.2779],[10.0414,51.2804],[10.0599,51.2759],[10.0575,51.2677],[10.0466,51.2645],[10.0501,51.2587],[10.047,51.2534],[10.0619,51.2526],[10.0691,51.2467],[10.0671,51.2449],[10.079,51.2428],[10.0728,51.2404],[10.0676,51.2306],[10.0724,51.2248],[10.0903,51.2267],[10.0935,51.2215],[10.1063,51.2216],[10.1132,51.2152],[10.1384,51.2201],[10.1454,51.2181],[10.1438,51.2129],[10.1498,51.2062],[10.1684,51.2122],[10.1877,51.2042],[10.197,51.1965],[10.197,51.1921],[10.2202,51.1857],[10.2358,51.1867],[10.2298,51.1749],[10.2073,51.1649],[10.2078,51.1548],[10.2004,51.1499],[10.2107,51.1425],[10.2038,51.1357],[10.2107,51.1229],[10.2,51.113],[10.1895,51.1168],[10.1896,51.122],[10.1792,51.1276],[10.1785,51.1308],[10.1852,51.1325],[10.1849,51.1411],[10.1775,51.1417],[10.1763,51.1473],[10.1681,51.153],[10.1466,51.1446],[10.1257,51.1463],[10.1278,51.1438],[10.1183,51.1396],[10.1308,51.1352],[10.14,51.1247],[10.1462,51.1258],[10.1538,51.1185],[10.1746,51.1169],[10.1755,51.1069],[10.1604,51.1081],[10.1591,51.1052],[10.1657,51.0995],[10.1447,51.0848],[10.1552,51.0704],[10.1443,51.066],[10.147,51.0614],[10.1406,51.0585],[10.1711,51.0492],[10.1847,51.049],[10.1848,51.0457],[10.2047,51.0348],[10.2029,51.0316],[10.2152,51.0264],[10.2086,51.019],[10.1954,51.0209],[10.1938,51.016],[10.2012,51.0139],[10.2029,51.0081],[10.1908,50.9991],[10.1782,50.996],[10.1703,50.9964],[10.1733,51.0001],[10.1691,51.0019],[10.1662,50.9976],[10.1497,50.994],[10.1349,50.9956],[10.1273,51.0007],[10.1331,51.0048],[10.1208,51.0117],[10.1083,51.0092],[10.1035,51.0034],[10.0735,51.0114],[10.0364,51.0124],[10.0277,51.0065],[10.0211,50.9939],[10.0235,50.9844],[10.0191,50.9817],[10.0409,50.9675],[10.0322,50.9596],[10.0427,50.9565],[10.0457,50.9503],[10.043,50.9485],[10.0612,50.948],[10.0623,50.9438],[10.0294,50.9381],[10.0249,50.9438],[10.0136,50.9347],[10.0034,50.9406],[9.9993,50.9366],[9.991,50.9436],[9.9916,50.9409],[9.9821,50.9391],[9.9751,50.9434],[9.9501,50.9423],[9.9566,50.9337],[9.9497,50.9265],[9.9571,50.9226],[9.9661,50.9288],[9.9656,50.9336],[9.992,50.9345],[9.9819,50.9199],[9.9696,50.9135],[9.9715,50.9074],[9.9845,50.907],[10.0037,50.9216],[10.0156,50.9206],[10.0249,50.9118],[10.035,50.91],[10.0407,50.9015],[10.0509,50.9001],[10.042,50.8933],[10.0479,50.8888],[10.0535,50.8901],[10.0525,50.8926],[10.0584,50.8902],[10.0562,50.8874],[10.0599,50.8858],[10.056,50.8798],[10.0219,50.8645],[10.0187,50.8586],[10.0219,50.8479],[10.0386,50.8531],[10.0378,50.8453],[10.0268,50.8413],[10.0285,50.8358],[10.0231,50.8316],[10.0068,50.8377],[9.998,50.8265],[9.9768,50.8333],[9.9523,50.8214],[9.9502,50.8152],[9.9564,50.8161],[9.9567,50.8096],[9.9436,50.7977],[9.9551,50.7856],[9.9498,50.7804],[9.9541,50.7794],[9.9523,50.7736],[9.9433,50.7712],[9.9487,50.7787],[9.9372,50.7741],[9.9284,50.7766],[9.9255,50.7747],[9.9289,50.7696],[9.9201,50.7596],[9.9396,50.7559],[9.9386,50.7437],[9.9414,50.7418],[9.9358,50.734],[9.9352,50.7241],[9.9089,50.7045],[9.924,50.6951],[9.9155,50.6937],[9.9062,50.6842],[9.8947,50.6837],[9.8813,50.6734],[9.8796,50.6665],[9.8844,50.6523],[9.8773,50.6387],[9.8786,50.6348],[9.8861,50.6339],[9.9061,50.6404],[9.9297,50.629],[9.9607,50.6295],[9.9603,50.6355],[9.9689,50.6413],[9.9497,50.6559],[9.9489,50.6639],[9.9607,50.6684],[9.9736,50.6659],[9.9895,50.6746],[10.002,50.6766],[10.0489,50.6739],[10.07,50.6559],[10.0786,50.6347],[10.083,50.6337],[10.081,50.62],[10.0723,50.6196],[10.0575,50.6261],[10.0372,50.6129],[10.0403,50.6045],[10.0488,50.5986],[10.0498,50.5847],[10.0454,50.5735],[10.0525,50.5611],[10.0618,50.5567],[10.0472,50.5455],[10.0479,50.5394],[10.0397,50.5326],[10.0421,50.5094],[10.0371,50.5],[10.0412,50.4952],[10.032,50.4864],[10.0335,50.4811],[10.022,50.4755],[10.0183,50.4665],[9.9975,50.461],[9.99,50.4471],[9.9668,50.4345],[9.9578,50.4232],[9.9434,50.4233],[9.919,50.4106],[9.8831,50.3989],[9.8716,50.4094],[9.86,50.3975],[9.8498,50.3987],[9.8384,50.4055],[9.8234,50.4055],[9.8135,50.413],[9.808,50.4124],[9.8113,50.4171],[9.8075,50.4226],[9.7894,50.4251],[9.7802,50.4184],[9.7719,50.4249],[9.7621,50.4259],[9.7511,50.4136],[9.7593,50.4024],[9.7444,50.3717],[9.7462,50.3662],[9.7329,50.3561],[9.7332,50.3518],[9.7474,50.3412],[9.7444,50.3284],[9.7489,50.3252],[9.7441,50.3191],[9.7475,50.3135],[9.7352,50.2995],[9.7132,50.2917],[9.7034,50.2808],[9.6524,50.2697],[9.6435,50.2551],[9.6368,50.2514],[9.6682,50.2394],[9.6636,50.2337],[9.6358,50.2352],[9.6204,50.2275],[9.6216,50.2231],[9.5943,50.2248],[9.5829,50.2215],[9.5763,50.2324],[9.542,50.2243],[9.5335,50.2345],[9.5144,50.2341],[9.5012,50.2435],[9.4948,50.2267],[9.5026,50.2203],[9.5036,50.2086],[9.5162,50.1996],[9.5131,50.194],[9.5015,50.193],[9.4981,50.1755],[9.5051,50.1693],[9.5282,50.1681],[9.5312,50.1608],[9.5218,50.15],[9.5076,50.1456],[9.51,50.1316],[9.5193,50.114],[9.5192,50.1059],[9.5125,50.0944],[9.5,50.0973],[9.445,50.09],[9.4359,50.085],[9.4131,50.0841],[9.3945,50.0975],[9.3736,50.131],[9.3416,50.1313],[9.3274,50.1411],[9.3076,50.1334],[9.2859,50.1417],[9.2604,50.1385],[9.2219,50.1494],[9.2115,50.1466],[9.2106,50.1431],[9.1833,50.1379],[9.1916,50.1275],[9.1746,50.1195],[9.175,50.1142],[9.1587,50.1001],[9.1625,50.0982],[9.1492,50.0906],[9.1434,50.097],[9.1544,50.1074],[9.1536,50.1179],[9.145,50.1141],[9.1175,50.1266],[9.0982,50.1264],[9.0893,50.1168],[9.0773,50.1159],[9.0713,50.1194],[9.0183,50.1116],[8.9974,50.0916],[8.9993,50.0694],[8.9906,50.0671],[8.9766,50.0522],[8.9765,50.0472],[8.9854,50.0417],[9.011,50.0458],[9.0313,50.0396],[9.031,50.0201],[9.0398,50.0104],[9.0355,50.0018],[9.0488,49.9923],[9.0302,49.9906],[9.023,49.9971],[9.0157,49.989],[9.0201,49.9859],[9.0193,49.9747],[9.0264,49.9551],[9.019,49.9471],[9.0254,49.9456],[9.0323,49.9247],[9.0234,49.9101],[9.0319,49.9094],[9.03,49.9059],[9.0356,49.8993],[9.0384,49.8762],[9.0505,49.8676],[9.0333,49.8665],[9.0338,49.8604],[9.0437,49.8555],[9.0408,49.8475],[9.0361,49.8465],[9.0377,49.8426],[9.0414,49.8401],[9.0432,49.8441],[9.0492,49.8424],[9.0595,49.847],[9.0528,49.84],[9.0598,49.8407],[9.0562,49.8346],[9.064,49.8318],[9.0702,49.8333],[9.0847,49.8475],[9.0901,49.841],[9.0775,49.8346],[9.0867,49.8264],[9.077,49.8182],[9.0868,49.8054],[9.0909,49.7907],[9.1081,49.798],[9.1317,49.7949],[9.1291,49.7877],[9.1345,49.7822],[9.1272,49.7765],[9.1134,49.7737],[9.1069,49.7587],[9.1278,49.7552],[9.1508,49.7429],[9.1445,49.7378],[9.134,49.7162],[9.1225,49.7148],[9.1277,49.7047],[9.1261,49.7],[9.0896,49.6933],[9.0889,49.669],[9.1034,49.6604],[9.0995,49.6531],[9.102,49.6422],[9.0916,49.6352],[9.0843,49.635],[9.065,49.6167],[9.0684,49.6108],[9.0664,49.6024],[9.083,49.602],[9.1028,49.5786],[9.0989,49.5606],[9.0826,49.5618],[9.078,49.5748],[9.0731,49.5749],[9.0722,49.5652],[9.0881,49.5502],[9.0844,49.543],[9.115,49.5339],[9.1265,49.5216],[9.1236,49.5198],[9.1264,49.5169],[9.1061,49.5098],[9.0996,49.5262],[9.0789,49.5249],[9.065,49.5296],[9.05,49.5194],[9.0408,49.4991],[9.0151,49.4979],[9.0122,49.5027],[8.9923,49.5034],[8.9858,49.5103],[8.9792,49.5092],[8.9775,49.5034],[8.968,49.5016],[8.9518,49.5056],[8.9577,49.4955],[8.9506,49.4878],[8.9546,49.482],[8.9428,49.4857],[8.9319,49.4706],[8.9503,49.455],[8.9274,49.4491],[8.9247,49.4413],[8.9126,49.4376],[8.9009,49.4434],[8.8928,49.4213],[8.8723,49.4122],[8.8546,49.3966],[8.8457,49.3965],[8.8313,49.4083],[8.8224,49.3956],[8.8146,49.3969],[8.8034,49.4029],[8.8083,49.4064],[8.8015,49.4109],[8.8074,49.4107],[8.8066,49.4192],[8.8305,49.4232],[8.8372,49.4335],[8.8326,49.4367],[8.8322,49.4561],[8.8239,49.4626],[8.8263,49.4695],[8.8519,49.4836],[8.8663,49.4746],[8.8629,49.4667],[8.8765,49.4667],[8.8994,49.4845],[8.8968,49.4976],[8.8996,49.5037],[8.8827,49.5061],[8.8485,49.5022],[8.8394,49.4988],[8.8339,49.4907],[8.817,49.5058],[8.8219,49.5246],[8.8092,49.5257],[8.7981,49.5185],[8.7986,49.5117],[8.7768,49.5179],[8.7665,49.5147],[8.7404,49.5232],[8.7277,49.5183],[8.7249,49.5226],[8.7355,49.5213],[8.7359,49.5248],[8.7246,49.5259],[8.7187,49.533],[8.7027,49.5353],[8.7058,49.548],[8.6908,49.5556],[8.6931,49.5607],[8.6843,49.5702],[8.6847,49.5756],[8.681,49.5755],[8.6835,49.5898],[8.6963,49.5921],[8.698,49.5998],[8.6906,49.6074],[8.6821,49.6035],[8.6721,49.6112],[8.6773,49.6135],[8.6778,49.609],[8.6864,49.6085],[8.6869,49.6132],[8.6844,49.6101],[8.6789,49.6139],[8.6884,49.6146],[8.6938,49.6194],[8.6923,49.6237],[8.6779,49.6259],[8.654,49.6184],[8.6504,49.6209],[8.5939,49.6109],[8.5953,49.6055],[8.5893,49.6045],[8.591,49.5959],[8.6032,49.5933],[8.6107,49.5644],[8.6213,49.545],[8.6109,49.5387],[8.608,49.5283],[8.5979,49.5315],[8.5913,49.5213],[8.5669,49.5191],[8.5416,49.5286],[8.5263,49.548],[8.495,49.573],[8.4799,49.5745],[8.4799,49.5786],[8.4744,49.581],[8.4758,49.5845],[8.4486,49.5905],[8.4405,49.5894],[8.4383,49.5839],[8.4224,49.5834],[8.4078,49.6063],[8.386,49.6221],[8.3696,49.6592],[8.3565,49.678],[8.3587,49.6946],[8.3815,49.707],[8.436,49.721],[8.4551,49.7418],[8.4786,49.7582],[8.4792,49.7642],[8.4696,49.7692],[8.4292,49.7664],[8.4163,49.7739],[8.4061,49.7966],[8.3784,49.8248],[8.3851,49.8482],[8.3836,49.8557],[8.3746,49.8616],[8.3575,49.8649],[8.344,49.8801],[8.3436,49.8929],[8.3546,49.9158],[8.341,49.9511],[8.3223,49.9736],[8.2902,49.9935],[8.2646,50.0157],[8.2347,50.0306],[8.1809,50.0352],[8.1285,50.024],[8.0796,50.0069],[8.0367,50.0024],[7.9674,49.9778],[7.8873,49.9718],[7.8661,49.9805],[7.8579,50.0071],[7.8529,50.0122],[7.8312,50.0209],[7.8059,50.0393],[7.7797,50.0511],[7.7725,50.0585],[7.774,50.0665],[7.7876,50.0693],[7.8035,50.0846],[7.8168,50.0807],[7.8372,50.0841],[7.8392,50.0875],[7.8333,50.0923],[7.8368,50.0944],[7.8301,50.0932],[7.8301,50.098],[7.8373,50.0997],[7.8352,50.11],[7.8431,50.1117],[7.8449,50.1235],[7.854,50.1283],[7.8847,50.1144],[7.9032,50.1216],[7.9198,50.1089],[7.9204,50.1037],[7.9301,50.1037],[7.9253,50.1088],[7.9278,50.1191],[7.9225,50.1345],[7.9329,50.1439],[7.8905,50.1629],[7.884,50.1696],[7.8887,50.1737],[7.8828,50.1813],[7.9102,50.1935],[7.9125,50.1964],[7.9078,50.2008],[7.9153,50.2059],[7.9474,50.2101],[7.9516,50.2143],[7.9481,50.2176],[7.9531,50.2204],[7.9846,50.2269],[7.9902,50.2387],[7.9971,50.2362],[7.9925,50.2323],[8.0064,50.2287],[8.0027,50.2244],[8.0115,50.2224],[8.0118,50.218],[8.0354,50.2157],[8.0368,50.2191],[8.0328,50.2206],[8.0408,50.2257],[8.0397,50.2286],[8.0467,50.2276],[8.0574,50.2353],[8.0484,50.2407],[8.0494,50.2444],[8.035,50.2459],[8.0379,50.2491],[8.0315,50.256],[8.0249,50.2542],[8.0217,50.2583],[8.0358,50.2646],[8.0359,50.2712],[8.0721,50.2732],[8.0747,50.2672],[8.083,50.2659],[8.079,50.261],[8.092,50.2652],[8.1031,50.2598],[8.1111,50.2707],[8.1219,50.2772],[8.1228,50.2905],[8.1186,50.2997],[8.1024,50.3098],[8.1072,50.3216],[8.1027,50.327],[8.0719,50.3318],[8.0767,50.3359],[8.0768,50.3484],[8.0673,50.3578],[8.0598,50.3753],[8.051,50.3759],[8.0535,50.3789],[8.0509,50.3795],[8.0453,50.3752],[8.0485,50.3783],[8.0426,50.3861],[8.0336,50.3817],[8.0146,50.3845],[8.0203,50.3861],[8.0238,50.4008],[7.9872,50.3981],[7.9843,50.399],[7.9896,50.401],[7.9824,50.4081],[7.9716,50.4062],[7.9642,50.4122],[7.9812,50.418],[7.9878,50.4279],[7.9844,50.4323],[7.9881,50.4355],[7.9782,50.4343],[7.9752,50.4376],[7.9894,50.4397],[7.9906,50.4439],[8.001,50.4453],[8.0108,50.4527],[8.0105,50.4606],[7.9996,50.4631],[7.9948,50.4706],[7.9877,50.4727],[7.9875,50.4798],[7.9787,50.4878],[7.9789,50.4954],[7.99,50.4986],[7.9829,50.5115],[7.9966,50.5172],[7.9929,50.5221],[7.9992,50.5273],[8.0111,50.5306],[8.0283,50.5445],[8.0284,50.5506],[8.041,50.5526],[8.0416,50.557],[8.0664,50.5489],[8.0705,50.538],[8.0873,50.5385],[8.1034,50.5326],[8.1177,50.5345],[8.1209,50.5397],[8.1108,50.5419],[8.119,50.5485],[8.1379,50.5509],[8.1319,50.557],[8.1471,50.5821],[8.1516,50.5994],[8.126,50.6101],[8.1377,50.6182],[8.1409,50.6302],[8.1101,50.6573],[8.1102,50.6709],[8.1255,50.6828],[8.1262,50.6926],[8.1313,50.6969],[8.1426,50.6954],[8.1668,50.7357],[8.1649,50.7421],[8.16,50.7427],[8.1643,50.7445],[8.1486,50.7559],[8.1518,50.7599],[8.1356,50.7672],[8.1417,50.7717],[8.1317,50.777],[8.1294,50.7875],[8.1255,50.7884],[8.1384,50.7903],[8.1658,50.8035],[8.1828,50.8249],[8.2313,50.8506],[8.2331,50.8553],[8.2596,50.8713],[8.2697,50.8819],[8.292,50.8821],[8.2919,50.8772],[8.3055,50.8611],[8.3367,50.8657],[8.3527,50.8654],[8.3587,50.8607],[8.3692,50.8646],[8.3666,50.8686],[8.3719,50.8743],[8.3856,50.8758],[8.388,50.8919],[8.4334,50.9182],[8.4564,50.9165],[8.4587,50.9211],[8.4493,50.9411],[8.4623,50.9497],[8.4597,50.9667],[8.4779,50.969],[8.4734,50.975],[8.4958,50.9881],[8.5014,50.9985],[8.5166,51.0058],[8.5141,51.0092],[8.5246,51.0099],[8.5308,51.0138],[8.5306,51.0182],[8.5388,51.0194],[8.5346,51.0206],[8.5313,51.0293],[8.5243,51.032],[8.5251,51.0389],[8.5207,51.043],[8.5098,51.0376],[8.5051,51.0414],[8.5159,51.0512],[8.5204,51.0501],[8.5276,51.0634],[8.5222,51.069],[8.5065,51.0723],[8.5017,51.0795],[8.5281,51.097],[8.5405,51.096],[8.5584,51.1035],[8.6566,51.0949],[8.6905,51.1092],[8.7197,51.1103],[8.7188,51.1157],[8.7017,51.1166],[8.7008,51.1233],[8.6963,51.1235],[8.6922,51.1328],[8.7133,51.1517],[8.736,51.1605],[8.7582,51.1772],[8.75,51.1815],[8.7495,51.1977],[8.765,51.2039],[8.7682,51.2089],[8.7417,51.2184],[8.7276,51.2501],[8.7366,51.2622],[8.7218,51.2677],[8.722,51.2737],[8.6926,51.2764],[8.6809,51.2683],[8.6283,51.2605],[8.6254,51.2533],[8.6115,51.2471],[8.5894,51.25],[8.5782,51.2675],[8.5563,51.2775],[8.5926,51.3039],[8.6038,51.3158],[8.605,51.3237],[8.6175,51.3272],[8.6211,51.3365],[8.6378,51.3436],[8.6537,51.3398],[8.6556,51.3496],[8.6597,51.3484],[8.6666,51.3557],[8.6835,51.3622],[8.6774,51.3718],[8.6938,51.3768],[8.7329,51.3724],[8.7603,51.3783],[8.7705,51.3848],[8.804,51.3908],[8.8234,51.3898],[8.8273,51.3852],[8.8366,51.3885],[8.838,51.3833],[8.854,51.3771],[8.8896,51.3927],[8.9395,51.3895],[8.9431,51.3969],[8.9408,51.4103],[8.9515,51.4135],[8.9454,51.4188],[8.9481,51.4282],[8.9188,51.4303],[8.9218,51.4461],[8.914,51.4526],[8.9107,51.4619],[8.8941,51.4712],[8.8904,51.4819],[8.9415,51.4998],[9.0049,51.5124],[9.0176,51.5182],[9.0393,51.5019],[9.0575,51.5025],[9.0607,51.4987],[9.0765,51.5035],[9.0923,51.4944],[9.0921,51.4873],[9.0772,51.4649],[9.0869,51.4612],[9.0864,51.4491],[9.0943,51.4446],[9.1318,51.4463],[9.1357,51.4502],[9.1493,51.442],[9.1584,51.4431],[9.1744,51.4629],[9.1851,51.4663],[9.2165,51.4596],[9.2166,51.4812],[9.2248,51.4896],[9.2398,51.4909],[9.2367,51.4924],[9.2421,51.4977],[9.2643,51.4979],[9.2694,51.5071],[9.2823,51.5144],[9.3083,51.5126],[9.3159,51.523],[9.31,51.5309],[9.32,51.5468],[9.317,51.5524],[9.3311,51.5568],[9.3522,51.5801],[9.3735,51.591],[9.3563,51.5977],[9.3371,51.6147],[9.358,51.6203],[9.3713,51.6192],[9.3719,51.6256],[9.3773,51.6266],[9.3985,51.6246],[9.4267,51.6308],[9.4449,51.6442],[9.437,51.6482],[9.4405,51.6504],[9.4533,51.6457],[9.4688,51.6542],[9.4937,51.6575],[9.4986,51.6531],[9.4949,51.6464]]]]}},{"type":"Feature","properties":{"id":"07","ars":"07","gen":"Rheinland-Pfalz"},"geometry":{"type":"MultiPolygon","coordinates":[[[[8.1258,50.6858],[8.1197,50.6771],[8.1126,50.6756],[8.1101,50.6573],[8.1409,50.6302],[8.1377,50.6182],[8.126,50.6101],[8.1516,50.5994],[8.1471,50.5821],[8.1319,50.557],[8.1379,50.5509],[8.119,50.5485],[8.1108,50.5419],[8.1209,50.5397],[8.1177,50.5345],[8.1034,50.5326],[8.0873,50.5385],[8.0705,50.538],[8.0664,50.5489],[8.0416,50.557],[8.041,50.5526],[8.0284,50.5506],[8.0283,50.5445],[8.0111,50.5306],[7.9992,50.5273],[7.9929,50.5221],[7.9966,50.5172],[7.9829,50.5115],[7.99,50.4986],[7.9789,50.4954],[7.9787,50.4878],[7.9875,50.4798],[7.9877,50.4727],[7.9948,50.4706],[7.9996,50.4631],[8.0105,50.4606],[8.0108,50.4527],[8.001,50.4453],[7.9906,50.4439],[7.9894,50.4397],[7.9752,50.4376],[7.9782,50.4343],[7.9881,50.4355],[7.9844,50.4323],[7.9878,50.4279],[7.9812,50.418],[7.9642,50.4122],[7.9716,50.4062],[7.9824,50.4081],[7.9896,50.401],[7.9843,50.399],[7.9872,50.3981],[8.0238,50.4008],[8.0203,50.3861],[8.0146,50.3845],[8.0336,50.3817],[8.0426,50.3861],[8.0485,50.3783],[8.0453,50.3752],[8.0509,50.3795],[8.0535,50.3789],[8.051,50.3759],[8.0598,50.3753],[8.0673,50.3578],[8.0768,50.3484],[8.0767,50.3359],[8.0719,50.3318],[8.1027,50.327],[8.1072,50.3216],[8.1024,50.3098],[8.1186,50.2997],[8.1228,50.2905],[8.1219,50.2772],[8.1111,50.2707],[8.1031,50.2598],[8.092,50.2652],[8.079,50.261],[8.083,50.2659],[8.0747,50.2672],[8.0721,50.2732],[8.0359,50.2712],[8.0358,50.2646],[8.0217,50.2583],[8.0249,50.2542],[8.0315,50.256],[8.0379,50.2491],[8.035,50.2459],[8.0494,50.2444],[8.0484,50.2407],[8.0574,50.2353],[8.0467,50.2276],[8.0397,50.2286],[8.0408,50.2257],[8.0328,50.2206],[8.0368,50.2191],[8.0354,50.2157],[8.0118,50.218],[8.0115,50.2224],[8.0027,50.2244],[8.0064,50.2287],[7.9925,50.2323],[7.9971,50.2362],[7.9902,50.2387],[7.9866,50.2281],[7.9531,50.2204],[7.9481,50.2176],[7.9516,50.2143],[7.9474,50.2101],[7.9208,50.208],[7.9111,50.2037],[7.9078,50.2008],[7.9125,50.1964],[7.9102,50.1935],[7.8828,50.1813],[7.8887,50.1737],[7.884,50.1696],[7.8924,50.1618],[7.9329,50.1439],[7.9225,50.1345],[7.9278,50.1191],[7.9253,50.1088],[7.9301,50.1037],[7.9204,50.1037],[7.9198,50.1089],[7.9032,50.1216],[7.8847,50.1144],[7.854,50.1283],[7.8449,50.1235],[7.8431,50.1117],[7.8352,50.11],[7.8373,50.0997],[7.8301,50.098],[7.8301,50.0932],[7.8368,50.0944],[7.8333,50.0923],[7.8392,50.0875],[7.8372,50.0841],[7.8168,50.0807],[7.8035,50.0846],[7.7876,50.0693],[7.774,50.0665],[7.7725,50.0585],[7.8294,50.0219],[7.8529,50.0122],[7.8579,50.0071],[7.8661,49.9805],[7.8873,49.9718],[7.9674,49.9778],[8.0367,50.0024],[8.0796,50.0069],[8.1285,50.024],[8.1751,50.0343],[8.1965,50.035],[8.2446,50.0276],[8.3223,49.9736],[8.341,49.9511],[8.3546,49.9158],[8.3436,49.8929],[8.344,49.8801],[8.3575,49.8649],[8.3746,49.8616],[8.3836,49.8557],[8.3851,49.8482],[8.3784,49.8248],[8.4061,49.7966],[8.4163,49.7739],[8.4292,49.7664],[8.4696,49.7692],[8.4792,49.7642],[8.4786,49.7582],[8.4551,49.7418],[8.436,49.721],[8.3883,49.7093],[8.3614,49.6973],[8.3561,49.6797],[8.3696,49.6592],[8.3834,49.6252],[8.4105,49.6034],[8.4231,49.5819],[8.4147,49.5539],[8.4239,49.5406],[8.443,49.4927],[8.4638,49.4704],[8.4609,49.465],[8.4443,49.4592],[8.4427,49.4502],[8.4555,49.4438],[8.4989,49.4427],[8.5078,49.436],[8.4962,49.4021],[8.4635,49.3844],[8.4645,49.3764],[8.4732,49.3734],[8.5004,49.389],[8.4968,49.3642],[8.4833,49.3486],[8.4555,49.3321],[8.4505,49.3231],[8.4558,49.3142],[8.4827,49.3058],[8.4891,49.2931],[8.4823,49.2865],[8.4582,49.2791],[8.4398,49.2623],[8.3908,49.2361],[8.3848,49.2196],[8.3985,49.2258],[8.4053,49.2206],[8.3985,49.2077],[8.385,49.1983],[8.3812,49.1857],[8.3684,49.1681],[8.3727,49.152],[8.3581,49.0978],[8.3117,49.0543],[8.3041,49.0407],[8.2974,49.0135],[8.2876,48.9984],[8.2326,48.9666],[8.2233,48.9758],[8.1993,48.9669],[8.1954,48.9691],[8.1975,48.9726],[8.1944,48.9771],[8.1477,48.9775],[8.1238,48.9864],[8.0877,48.9898],[8.0701,48.9963],[8.0639,49.0055],[8.049,49.0143],[8.0228,49.0181],[7.9963,49.0291],[7.9752,49.0266],[7.9665,49.0415],[7.949,49.0472],[7.9451,49.0554],[7.9328,49.0581],[7.9186,49.0415],[7.9131,49.0401],[7.9107,49.0451],[7.8891,49.049],[7.8668,49.0329],[7.8547,49.0355],[7.8499,49.044],[7.8305,49.0473],[7.8105,49.0613],[7.7944,49.0657],[7.7894,49.0587],[7.78,49.0583],[7.7693,49.0476],[7.7611,49.0455],[7.7515,49.0479],[7.7323,49.044],[7.7314,49.0555],[7.7218,49.0512],[7.6959,49.0578],[7.6925,49.0541],[7.6976,49.0497],[7.6729,49.0452],[7.6312,49.0549],[7.6293,49.0736],[7.601,49.0832],[7.5636,49.0802],[7.5357,49.0936],[7.5378,49.0964],[7.5287,49.0971],[7.5295,49.1021],[7.522,49.1079],[7.5155,49.121],[7.5055,49.1224],[7.4967,49.1354],[7.4896,49.1365],[7.4899,49.1423],[7.4953,49.1413],[7.506,49.1505],[7.5064,49.1547],[7.4955,49.156],[7.494,49.1694],[7.4722,49.1685],[7.4597,49.1628],[7.4482,49.1688],[7.4333,49.1652],[7.4329,49.1681],[7.4417,49.172],[7.4359,49.1797],[7.4456,49.1842],[7.3666,49.1723],[7.365,49.1672],[7.3689,49.1618],[7.3627,49.1584],[7.3501,49.1628],[7.3431,49.173],[7.3359,49.1759],[7.3385,49.1844],[7.3212,49.1885],[7.3035,49.2058],[7.2958,49.2053],[7.3013,49.2095],[7.2981,49.2132],[7.304,49.2221],[7.289,49.2306],[7.2945,49.2347],[7.2891,49.2378],[7.3035,49.2455],[7.3065,49.2561],[7.3122,49.257],[7.3246,49.2481],[7.3278,49.2546],[7.3249,49.2575],[7.3391,49.2639],[7.344,49.2704],[7.3435,49.2743],[7.3345,49.2783],[7.3558,49.2837],[7.3653,49.2781],[7.367,49.2831],[7.3717,49.2809],[7.3854,49.2941],[7.38,49.2976],[7.3807,49.3067],[7.3919,49.3096],[7.3902,49.3122],[7.3945,49.3164],[7.3921,49.3208],[7.3808,49.3168],[7.3777,49.3204],[7.384,49.3218],[7.4,49.3367],[7.4038,49.3461],[7.3987,49.3505],[7.3899,49.3498],[7.3909,49.3534],[7.4026,49.3562],[7.3934,49.3635],[7.4021,49.3677],[7.398,49.3723],[7.3664,49.3634],[7.3691,49.374],[7.3548,49.3744],[7.3558,49.3798],[7.3314,49.3789],[7.302,49.3893],[7.2918,49.3887],[7.2897,49.3933],[7.2989,49.3985],[7.2942,49.401],[7.2972,49.4046],[7.2901,49.4147],[7.2728,49.4242],[7.261,49.4236],[7.2502,49.4352],[7.2553,49.4406],[7.2464,49.4455],[7.2869,49.4577],[7.3048,49.4724],[7.2968,49.4835],[7.2781,49.4843],[7.2871,49.4991],[7.2827,49.5019],[7.2854,49.5047],[7.2809,49.5055],[7.2887,49.5132],[7.2857,49.5169],[7.294,49.5221],[7.3016,49.5216],[7.301,49.518],[7.3099,49.5232],[7.2997,49.5296],[7.3028,49.5345],[7.2761,49.5374],[7.2749,49.5606],[7.2675,49.5639],[7.2621,49.5736],[7.2687,49.5841],[7.2613,49.5832],[7.2526,49.574],[7.2408,49.5732],[7.2408,49.569],[7.2134,49.5658],[7.2098,49.5682],[7.214,49.5745],[7.21,49.5771],[7.1884,49.5757],[7.1821,49.5827],[7.1735,49.5851],[7.1737,49.5991],[7.1654,49.5971],[7.1493,49.6037],[7.1387,49.5973],[7.1184,49.596],[7.1048,49.599],[7.1002,49.6057],[7.1006,49.6024],[7.093,49.6036],[7.0877,49.5996],[7.0796,49.6121],[7.0591,49.6305],[7.028,49.6394],[7.0124,49.6284],[7.001,49.6309],[6.986,49.6207],[6.9915,49.6355],[6.9777,49.6327],[6.9784,49.6359],[6.9751,49.6354],[6.9514,49.6251],[6.9486,49.6351],[6.9409,49.6349],[6.9328,49.631],[6.9378,49.6177],[6.9277,49.6183],[6.9296,49.6124],[6.9214,49.6167],[6.9063,49.6141],[6.8931,49.6167],[6.8855,49.6109],[6.8898,49.6063],[6.8826,49.6084],[6.8796,49.6012],[6.8664,49.6087],[6.8572,49.6052],[6.846,49.5896],[6.8391,49.5926],[6.8417,49.5888],[6.8354,49.5829],[6.8134,49.592],[6.7982,49.5863],[6.7782,49.5702],[6.7675,49.569],[6.748,49.5579],[6.734,49.5602],[6.7086,49.5533],[6.7,49.5412],[6.6904,49.5352],[6.6842,49.5482],[6.6641,49.5427],[6.6528,49.5509],[6.646,49.5391],[6.6328,49.5419],[6.617,49.5355],[6.6197,49.5306],[6.607,49.5274],[6.6103,49.5211],[6.6047,49.5173],[6.5884,49.5175],[6.5797,49.5222],[6.5783,49.5301],[6.564,49.5406],[6.5548,49.536],[6.5386,49.5395],[6.5174,49.5275],[6.5149,49.5351],[6.4941,49.5306],[6.4679,49.5444],[6.4521,49.5383],[6.4493,49.5439],[6.4303,49.549],[6.4143,49.5433],[6.4141,49.5464],[6.3801,49.5511],[6.3808,49.559],[6.3575,49.5729],[6.3691,49.5789],[6.381,49.5772],[6.3749,49.5919],[6.3858,49.5999],[6.3998,49.6027],[6.4214,49.62],[6.4408,49.6559],[6.4366,49.6604],[6.4266,49.6612],[6.4282,49.6669],[6.4473,49.6782],[6.4591,49.6908],[6.4804,49.6968],[6.4962,49.7097],[6.507,49.7126],[6.496,49.726],[6.5026,49.7267],[6.5116,49.7211],[6.5172,49.7236],[6.5022,49.7326],[6.5005,49.7521],[6.5186,49.7624],[6.5175,49.7687],[6.5098,49.7742],[6.517,49.7828],[6.506,49.7901],[6.521,49.797],[6.5305,49.805],[6.5293,49.8094],[6.5195,49.8129],[6.5114,49.8018],[6.5058,49.8092],[6.4877,49.8122],[6.4709,49.8226],[6.4545,49.8115],[6.4407,49.8142],[6.4305,49.8105],[6.425,49.8161],[6.3974,49.8223],[6.3642,49.8508],[6.3422,49.8491],[6.3354,49.8382],[6.3226,49.838],[6.3197,49.8424],[6.3225,49.852],[6.3145,49.8597],[6.312,49.8692],[6.2965,49.8665],[6.2915,49.8746],[6.2621,49.8809],[6.2467,49.8953],[6.2336,49.9004],[6.227,49.9108],[6.234,49.9128],[6.2318,49.9185],[6.218,49.9235],[6.2262,49.9294],[6.2235,49.9341],[6.2273,49.9366],[6.2166,49.9444],[6.2239,49.9499],[6.2116,49.9502],[6.2052,49.9552],[6.1976,49.9484],[6.191,49.9688],[6.182,49.9647],[6.1879,49.956],[6.1778,49.954],[6.176,49.9613],[6.1649,49.9705],[6.1724,49.9848],[6.1573,49.9872],[6.1507,49.9942],[6.138,49.9982],[6.1453,49.9984],[6.1496,50.0089],[6.1382,50.0112],[6.1296,50.0183],[6.1374,50.0158],[6.1459,50.0227],[6.1297,50.03],[6.1343,50.0401],[6.1215,50.0529],[6.1239,50.0598],[6.1181,50.0564],[6.1124,50.0598],[6.1137,50.0654],[6.1206,50.0649],[6.1293,50.0735],[6.1249,50.0769],[6.121,50.0725],[6.1161,50.0743],[6.122,50.0813],[6.1211,50.0929],[6.133,50.0932],[6.1255,50.0997],[6.1356,50.1039],[6.131,50.107],[6.135,50.1133],[6.1288,50.1149],[6.1296,50.1216],[6.1368,50.1246],[6.1385,50.1348],[6.1484,50.1363],[6.1547,50.1419],[6.1529,50.1501],[6.1485,50.1519],[6.1406,50.148],[6.1321,50.1536],[6.1434,50.1559],[6.1475,50.1606],[6.1398,50.1693],[6.1476,50.1705],[6.1443,50.1735],[6.1469,50.1778],[6.1603,50.1718],[6.1653,50.1791],[6.1834,50.1782],[6.1928,50.1819],[6.1858,50.184],[6.1903,50.1876],[6.1839,50.1921],[6.1853,50.203],[6.1889,50.2053],[6.1777,50.2167],[6.1664,50.22],[6.1682,50.2246],[6.1771,50.2268],[6.1736,50.232],[6.1757,50.2354],[6.1975,50.2381],[6.2053,50.2512],[6.2158,50.257],[6.2184,50.2544],[6.2587,50.2678],[6.2779,50.2664],[6.2911,50.2769],[6.2852,50.2843],[6.2886,50.2905],[6.2859,50.2941],[6.2981,50.3021],[6.2961,50.309],[6.3092,50.3117],[6.3065,50.3201],[6.3333,50.3232],[6.3349,50.3164],[6.3429,50.3184],[6.3405,50.3158],[6.3484,50.315],[6.3633,50.3054],[6.359,50.3135],[6.3751,50.3138],[6.3826,50.322],[6.4253,50.323],[6.4241,50.3338],[6.415,50.3327],[6.3972,50.3579],[6.406,50.3638],[6.3955,50.3614],[6.3973,50.3677],[6.389,50.3717],[6.3919,50.3798],[6.385,50.3842],[6.413,50.3895],[6.422,50.3819],[6.4149,50.3745],[6.43,50.3632],[6.4354,50.3703],[6.4486,50.3713],[6.4495,50.3638],[6.4612,50.359],[6.4572,50.3518],[6.4587,50.344],[6.4496,50.3384],[6.4516,50.3364],[6.466,50.3426],[6.4847,50.3386],[6.4918,50.347],[6.5048,50.3524],[6.5071,50.3599],[6.5164,50.3554],[6.5166,50.3622],[6.5305,50.3693],[6.5422,50.3711],[6.5432,50.3662],[6.559,50.3694],[6.5692,50.3766],[6.5819,50.3775],[6.5852,50.3825],[6.6031,50.3882],[6.6068,50.381],[6.6012,50.3784],[6.6041,50.3751],[6.6254,50.3749],[6.6222,50.3537],[6.6362,50.3454],[6.6542,50.3511],[6.6575,50.357],[6.656,50.3674],[6.6674,50.372],[6.6868,50.3584],[6.6964,50.3464],[6.6992,50.3361],[6.706,50.3428],[6.7324,50.3525],[6.7535,50.3541],[6.7709,50.3612],[6.7768,50.3581],[6.7777,50.3644],[6.7956,50.3595],[6.8007,50.3618],[6.8027,50.3693],[6.7847,50.3748],[6.7693,50.3927],[6.7793,50.405],[6.7792,50.4136],[6.7851,50.4206],[6.7707,50.425],[6.7712,50.4361],[6.7603,50.4314],[6.7455,50.4359],[6.7437,50.4409],[6.7646,50.4508],[6.7629,50.4557],[6.7666,50.4586],[6.7571,50.463],[6.7581,50.4709],[6.7477,50.4662],[6.7432,50.4677],[6.7446,50.4726],[6.7591,50.4746],[6.7683,50.4843],[6.7754,50.4825],[6.8009,50.4913],[6.8062,50.4882],[6.8121,50.4722],[6.8405,50.4639],[6.8586,50.4533],[6.8767,50.4648],[6.9015,50.4691],[6.9032,50.4753],[6.8992,50.478],[6.9056,50.485],[6.8979,50.4923],[6.9071,50.5026],[6.8886,50.507],[6.8978,50.5177],[6.8845,50.5199],[6.8821,50.5269],[6.9008,50.5308],[6.8987,50.5271],[6.909,50.5255],[6.9293,50.5331],[6.929,50.5426],[6.922,50.5543],[6.931,50.5605],[6.9514,50.5634],[6.9565,50.557],[6.9721,50.5559],[6.9836,50.5657],[6.9981,50.565],[7.0561,50.6062],[7.0593,50.6004],[7.0663,50.6007],[7.069,50.5927],[7.0874,50.586],[7.1038,50.5913],[7.1151,50.6118],[7.1479,50.6003],[7.1492,50.6095],[7.1547,50.6147],[7.173,50.6126],[7.174,50.6189],[7.1898,50.6239],[7.1906,50.636],[7.2034,50.6501],[7.2115,50.6482],[7.2129,50.6235],[7.217,50.6281],[7.2703,50.6266],[7.2973,50.6318],[7.3226,50.6419],[7.3335,50.6384],[7.359,50.6495],[7.3558,50.6652],[7.3643,50.6727],[7.3693,50.6725],[7.37,50.678],[7.3662,50.6807],[7.3721,50.6821],[7.3651,50.6876],[7.3683,50.6971],[7.3571,50.6979],[7.374,50.7182],[7.3973,50.7143],[7.4071,50.7182],[7.4234,50.71],[7.4432,50.7112],[7.4486,50.7174],[7.4798,50.7183],[7.5019,50.73],[7.5201,50.729],[7.5194,50.7374],[7.5215,50.7337],[7.5503,50.746],[7.5802,50.7381],[7.5924,50.7405],[7.5953,50.751],[7.5916,50.7562],[7.601,50.7663],[7.6182,50.7702],[7.6555,50.7679],[7.6622,50.7732],[7.6589,50.7848],[7.6685,50.7862],[7.6759,50.7793],[7.6822,50.7954],[7.675,50.8027],[7.6795,50.81],[7.6641,50.8154],[7.661,50.8204],[7.6746,50.8192],[7.6994,50.825],[7.7064,50.8339],[7.7136,50.8336],[7.7143,50.8404],[7.7293,50.8505],[7.7622,50.8451],[7.7532,50.8514],[7.766,50.8568],[7.7483,50.8672],[7.7588,50.8798],[7.753,50.8884],[7.7604,50.9004],[7.7451,50.9052],[7.7469,50.9124],[7.7355,50.9178],[7.7573,50.9202],[7.7762,50.929],[7.7928,50.9423],[7.8133,50.94],[7.8189,50.9333],[7.8383,50.9263],[7.8465,50.9307],[7.8515,50.9258],[7.8337,50.9083],[7.835,50.9019],[7.8267,50.8908],[7.8293,50.8824],[7.8825,50.8749],[7.8871,50.8654],[7.8939,50.8645],[7.893,50.8595],[7.9059,50.8481],[7.9186,50.8446],[7.9577,50.8489],[7.967,50.844],[7.9681,50.836],[7.9783,50.8333],[7.9741,50.8286],[7.9766,50.8249],[7.972,50.8147],[7.9739,50.8042],[7.9673,50.7982],[7.969,50.7856],[7.9642,50.7838],[7.9689,50.7739],[7.984,50.761],[8.0002,50.7551],[8.0403,50.7257],[8.043,50.7117],[8.0397,50.6974],[8.0597,50.695],[8.0796,50.7061],[8.0825,50.7029],[8.0992,50.7036],[8.1211,50.6854],[8.1258,50.6858]]]]}},{"type":"Feature","properties":{"id":"08","ars":"08","gen":"Baden-Württemberg"},"geometry":{"type":"MultiPolygon","coordinates":[[[[8.6821,49.6189],[8.6801,49.6187],[8.6801,49.6203],[8.6823,49.6203],[8.6841,49.6202],[8.684,49.62],[8.6837,49.6191],[8.6821,49.6189]]],[[[9.1259,47.6686],[9.1258,47.6684],[9.1253,47.6684],[9.1251,47.6685],[9.1249,47.6686],[9.1246,47.6688],[9.1244,47.6689],[9.124,47.6692],[9.1236,47.6695],[9.123,47.67],[9.1223,47.6705],[9.1218,47.6709],[9.1213,47.6714],[9.1209,47.672],[9.1207,47.6723],[9.1208,47.6727],[9.1209,47.6732],[9.1207,47.6735],[9.1203,47.6739],[9.1205,47.6742],[9.1208,47.6747],[9.121,47.6758],[9.1231,47.6742],[9.1233,47.6739],[9.1235,47.6734],[9.1236,47.6728],[9.1237,47.6723],[9.124,47.6717],[9.1243,47.6711],[9.1245,47.6706],[9.1251,47.6699],[9.1254,47.6695],[9.1257,47.6692],[9.1259,47.6686]]],[[[9.2006,47.7059],[9.1986,47.7024],[9.1878,47.7056],[9.1953,47.7083],[9.2006,47.7059]]],[[[8.7013,47.7152],[8.7177,47.6907],[8.7077,47.6896],[8.6902,47.6954],[8.6706,47.6849],[8.6585,47.6907],[8.6765,47.6979],[8.6646,47.7134],[8.6775,47.7132],[8.6864,47.7086],[8.7013,47.7152]]],[[[9.6497,49.7854],[9.6505,49.7794],[9.6443,49.7786],[9.6519,49.7664],[9.638,49.7539],[9.6456,49.7469],[9.639,49.7405],[9.6469,49.7391],[9.6459,49.7365],[9.6387,49.7375],[9.6366,49.7317],[9.6277,49.732],[9.6411,49.7232],[9.6254,49.7037],[9.6305,49.7016],[9.6325,49.6932],[9.6489,49.6917],[9.6535,49.6871],[9.6761,49.6933],[9.6772,49.7162],[9.7004,49.717],[9.7007,49.7221],[9.7097,49.7271],[9.7193,49.7019],[9.7284,49.6982],[9.7285,49.6884],[9.7454,49.6919],[9.7508,49.6978],[9.753,49.7101],[9.7716,49.7201],[9.7868,49.7218],[9.7937,49.7314],[9.8,49.7309],[9.7961,49.7271],[9.7978,49.7196],[9.8214,49.7097],[9.8234,49.7047],[9.8318,49.7038],[9.8361,49.6917],[9.83,49.6877],[9.8409,49.6816],[9.8299,49.681],[9.8234,49.6732],[9.8256,49.6675],[9.8224,49.6647],[9.8325,49.6604],[9.8294,49.6597],[9.8338,49.6563],[9.8296,49.6544],[9.8347,49.6463],[9.8555,49.6415],[9.8641,49.6215],[9.8675,49.6213],[9.868,49.6112],[9.8728,49.6101],[9.86,49.6085],[9.8595,49.603],[9.841,49.5951],[9.8479,49.5771],[9.8102,49.5573],[9.818,49.5586],[9.828,49.5516],[9.8593,49.546],[9.8605,49.5535],[9.8666,49.5575],[9.8646,49.5679],[9.8741,49.5717],[9.8757,49.5786],[9.8988,49.5883],[9.9124,49.5859],[9.9157,49.5822],[9.9016,49.5725],[9.8982,49.5624],[9.9208,49.5633],[9.925,49.5601],[9.9207,49.5534],[9.9258,49.5537],[9.927,49.5495],[9.9207,49.551],[9.9202,49.5451],[9.9271,49.5361],[9.9238,49.5241],[9.917,49.5178],[9.9251,49.5087],[9.9137,49.4933],[9.9266,49.4848],[9.9519,49.4804],[9.974,49.4858],[9.975,49.481],[9.992,49.4864],[10.0101,49.4832],[10.0189,49.4859],[10.0282,49.504],[10.0462,49.507],[10.0561,49.5149],[10.0572,49.5193],[10.04,49.529],[10.0614,49.5375],[10.0571,49.5407],[10.0617,49.5416],[10.0614,49.5451],[10.0855,49.5422],[10.0896,49.5305],[10.0786,49.5273],[10.0806,49.5212],[10.0769,49.5199],[10.0841,49.5118],[10.1057,49.5151],[10.1085,49.5115],[10.1213,49.511],[10.1,49.4907],[10.1107,49.4776],[10.1161,49.4786],[10.1151,49.474],[10.1223,49.4639],[10.1048,49.4628],[10.1082,49.4602],[10.0978,49.457],[10.0947,49.4479],[10.1118,49.4387],[10.1106,49.4425],[10.1188,49.4439],[10.1337,49.4371],[10.1381,49.4331],[10.1336,49.432],[10.1374,49.4247],[10.1517,49.4123],[10.1477,49.4108],[10.1522,49.401],[10.1386,49.4031],[10.1617,49.3955],[10.1612,49.3904],[10.1449,49.3844],[10.1217,49.3879],[10.112,49.3849],[10.1073,49.3788],[10.1174,49.369],[10.1134,49.3599],[10.1246,49.3561],[10.1237,49.3508],[10.1076,49.3517],[10.1091,49.3485],[10.103,49.3438],[10.1048,49.3384],[10.1131,49.3358],[10.1128,49.3324],[10.108,49.3325],[10.1105,49.3289],[10.1175,49.3291],[10.1213,49.325],[10.1369,49.3272],[10.1428,49.3226],[10.1452,49.3165],[10.1317,49.3051],[10.1323,49.3003],[10.1383,49.2915],[10.1441,49.2901],[10.1424,49.2876],[10.1499,49.288],[10.1493,49.2846],[10.1566,49.2808],[10.1507,49.2807],[10.1454,49.2749],[10.1474,49.2685],[10.1342,49.2622],[10.1266,49.2624],[10.1236,49.271],[10.1314,49.2751],[10.1236,49.275],[10.1196,49.267],[10.114,49.2664],[10.1187,49.2579],[10.1099,49.2583],[10.1332,49.2531],[10.1198,49.2474],[10.124,49.246],[10.1275,49.2233],[10.139,49.2159],[10.1401,49.2089],[10.1256,49.2109],[10.1305,49.2038],[10.1249,49.1997],[10.1301,49.1988],[10.1292,49.1957],[10.1353,49.2006],[10.1568,49.1927],[10.1536,49.1884],[10.1665,49.1792],[10.1812,49.1824],[10.1773,49.1735],[10.1863,49.1705],[10.1886,49.1744],[10.1877,49.17],[10.1952,49.1699],[10.1927,49.1676],[10.1995,49.1607],[10.1968,49.1558],[10.2052,49.1556],[10.2184,49.1635],[10.2187,49.16],[10.2281,49.1599],[10.2366,49.1493],[10.248,49.1493],[10.2555,49.1383],[10.2516,49.134],[10.2569,49.1291],[10.225,49.1195],[10.2296,49.1173],[10.2293,49.1132],[10.2152,49.1133],[10.2156,49.1061],[10.205,49.0981],[10.2123,49.0945],[10.2228,49.0979],[10.2291,49.0898],[10.2506,49.0928],[10.2471,49.0797],[10.241,49.0822],[10.2342,49.0764],[10.2582,49.0702],[10.2646,49.0614],[10.2561,49.0614],[10.2573,49.0533],[10.2517,49.0496],[10.2558,49.0448],[10.2498,49.0425],[10.2519,49.0392],[10.265,49.0452],[10.2848,49.0366],[10.2881,49.0399],[10.2849,49.0421],[10.294,49.0428],[10.3006,49.0403],[10.3027,49.0315],[10.3095,49.032],[10.3205,49.0257],[10.329,49.0245],[10.3275,49.0303],[10.3336,49.0268],[10.3329,49.0319],[10.337,49.0273],[10.3503,49.0284],[10.3454,49.0166],[10.3561,49.0135],[10.3522,49.006],[10.3728,49.0032],[10.3819,48.999],[10.3805,48.9892],[10.3947,48.9902],[10.404,48.9807],[10.4118,48.979],[10.4015,48.9745],[10.4037,48.9668],[10.4188,48.9686],[10.4249,48.9607],[10.4195,48.9592],[10.4323,48.9523],[10.4309,48.9463],[10.4433,48.9458],[10.4448,48.9404],[10.4514,48.9387],[10.4378,48.9332],[10.4571,48.9205],[10.4438,48.9085],[10.4213,48.9058],[10.4502,48.8931],[10.453,48.8844],[10.4448,48.8803],[10.4526,48.8735],[10.4484,48.8611],[10.4541,48.8603],[10.4528,48.8519],[10.4274,48.843],[10.4263,48.8369],[10.4491,48.8303],[10.4496,48.8251],[10.4463,48.8243],[10.4486,48.812],[10.4408,48.8095],[10.4339,48.8012],[10.4211,48.7994],[10.4209,48.7955],[10.4343,48.7896],[10.4275,48.7865],[10.4268,48.7817],[10.4343,48.7762],[10.4296,48.7769],[10.432,48.7707],[10.4285,48.7698],[10.4276,48.7731],[10.4178,48.7727],[10.4201,48.7762],[10.4131,48.7721],[10.4177,48.7696],[10.4182,48.7629],[10.4282,48.7559],[10.4182,48.7533],[10.4172,48.7505],[10.4231,48.7483],[10.4162,48.7481],[10.4349,48.7412],[10.4318,48.7373],[10.4399,48.7388],[10.4434,48.7294],[10.4479,48.728],[10.4501,48.735],[10.4643,48.7351],[10.4557,48.729],[10.465,48.7277],[10.4621,48.7223],[10.4676,48.7214],[10.4655,48.7198],[10.4737,48.712],[10.4816,48.7126],[10.4834,48.7081],[10.4835,48.7052],[10.4715,48.7028],[10.4803,48.7002],[10.4795,48.6948],[10.4873,48.6967],[10.4856,48.6916],[10.4951,48.6872],[10.4817,48.6865],[10.481,48.6814],[10.465,48.6705],[10.4542,48.6706],[10.4492,48.6652],[10.4106,48.661],[10.4087,48.6678],[10.4259,48.6724],[10.4245,48.6793],[10.4187,48.6823],[10.4226,48.6842],[10.4228,48.6908],[10.4265,48.6916],[10.4296,48.686],[10.4374,48.6936],[10.4317,48.6995],[10.4203,48.6947],[10.4089,48.6988],[10.4079,48.6945],[10.392,48.6872],[10.3928,48.6781],[10.3868,48.6741],[10.3894,48.6672],[10.3684,48.6639],[10.3611,48.6528],[10.351,48.6547],[10.3474,48.6791],[10.3374,48.689],[10.3174,48.6887],[10.3175,48.6829],[10.292,48.6916],[10.2825,48.701],[10.2687,48.7035],[10.273,48.6859],[10.2647,48.6829],[10.2688,48.6799],[10.2563,48.6807],[10.2554,48.6775],[10.2648,48.6721],[10.2546,48.6662],[10.2666,48.6588],[10.2595,48.6549],[10.2704,48.6519],[10.2683,48.6466],[10.2724,48.6492],[10.2744,48.6455],[10.2805,48.6468],[10.2836,48.6368],[10.2965,48.6336],[10.2978,48.6242],[10.3231,48.6091],[10.3188,48.6076],[10.3202,48.6039],[10.3069,48.605],[10.3072,48.6015],[10.2988,48.6049],[10.2931,48.5898],[10.3048,48.5843],[10.313,48.5671],[10.3143,48.5556],[10.3008,48.5451],[10.3032,48.5298],[10.3124,48.5301],[10.3148,48.5265],[10.3093,48.5263],[10.312,48.5229],[10.2868,48.5161],[10.2575,48.5195],[10.2527,48.5145],[10.2498,48.5162],[10.2483,48.5112],[10.2308,48.5105],[10.238,48.5078],[10.228,48.505],[10.2408,48.5062],[10.2425,48.5001],[10.2375,48.5002],[10.2414,48.492],[10.2179,48.4885],[10.1801,48.4755],[10.1829,48.4738],[10.1764,48.4714],[10.1845,48.4729],[10.1813,48.4696],[10.1846,48.4672],[10.1755,48.4694],[10.1779,48.4638],[10.1728,48.4628],[10.1718,48.4578],[10.1339,48.4549],[10.1173,48.4681],[10.1174,48.4754],[10.105,48.4775],[10.0944,48.4671],[10.064,48.4564],[10.034,48.4578],[10.0309,48.4536],[10.0382,48.4445],[10.0317,48.4438],[10.0281,48.4369],[10.0408,48.4344],[10.0424,48.4297],[10.0188,48.4182],[10.0144,48.4036],[9.9899,48.3937],[9.9849,48.3861],[9.9699,48.3794],[9.9673,48.3744],[9.9777,48.3627],[9.9841,48.3632],[9.9828,48.368],[9.9877,48.3706],[9.993,48.3682],[9.9933,48.3636],[9.9996,48.3632],[9.9948,48.3553],[9.9981,48.3475],[10.0104,48.3424],[10.0123,48.3306],[10.0229,48.324],[10.0431,48.3004],[10.0425,48.2942],[10.0658,48.2818],[10.0668,48.2749],[10.0622,48.2717],[10.066,48.262],[10.062,48.2581],[10.069,48.2538],[10.0607,48.2401],[10.0701,48.2306],[10.0695,48.2234],[10.0783,48.2202],[10.077,48.2106],[10.0837,48.2096],[10.0857,48.1822],[10.108,48.1305],[10.1226,48.117],[10.1362,48.1114],[10.1367,48.1008],[10.1404,48.0989],[10.1398,48.0885],[10.134,48.082],[10.136,48.0765],[10.144,48.0739],[10.1406,48.0649],[10.1439,48.059],[10.1392,48.0515],[10.1413,48.0467],[10.1271,48.0327],[10.1357,48.0238],[10.1346,48.0183],[10.1196,48.0035],[10.1216,47.9983],[10.1148,47.9886],[10.115,47.9763],[10.0915,47.9715],[10.0849,47.9613],[10.0885,47.949],[10.111,47.9349],[10.105,47.9242],[10.1111,47.916],[10.1083,47.9156],[10.1104,47.9107],[10.1017,47.9056],[10.103,47.8891],[10.0953,47.8852],[10.1055,47.883],[10.1057,47.879],[10.0979,47.8766],[10.0916,47.8674],[10.0768,47.8678],[10.0829,47.8558],[10.1045,47.8647],[10.1051,47.8571],[10.0983,47.8556],[10.0994,47.8516],[10.0916,47.8456],[10.0944,47.8439],[10.0974,47.8483],[10.0992,47.8449],[10.1072,47.8529],[10.1101,47.847],[10.1028,47.8424],[10.1099,47.8402],[10.1252,47.8229],[10.1315,47.8225],[10.1323,47.8147],[10.138,47.8096],[10.128,47.8133],[10.1157,47.8109],[10.1088,47.8058],[10.1194,47.8037],[10.1169,47.8006],[10.0901,47.8039],[10.0896,47.7984],[10.0647,47.7859],[10.0674,47.7824],[10.0796,47.7813],[10.0848,47.7766],[10.0825,47.7712],[10.119,47.7596],[10.114,47.7544],[10.1183,47.7506],[10.1136,47.7414],[10.1186,47.7333],[10.1164,47.7193],[10.1225,47.7117],[10.1395,47.7025],[10.1393,47.6979],[10.1283,47.6907],[10.1328,47.6851],[10.1293,47.6761],[10.1111,47.666],[10.0892,47.673],[10.0935,47.6701],[10.0937,47.664],[10.0814,47.6549],[10.0829,47.6501],[10.0773,47.6393],[10.072,47.6434],[10.0752,47.6583],[10.0684,47.6634],[10.0596,47.6801],[10.0483,47.6813],[10.0466,47.6763],[10.0305,47.6745],[10.0286,47.687],[10.0019,47.682],[9.976,47.6653],[9.9777,47.6617],[9.9707,47.6536],[9.9595,47.6523],[9.9409,47.658],[9.9315,47.6539],[9.9163,47.661],[9.8933,47.6632],[9.8749,47.6753],[9.8422,47.6777],[9.8378,47.6695],[9.8342,47.6733],[9.8306,47.6714],[9.8286,47.6579],[9.8162,47.6497],[9.8017,47.6509],[9.7956,47.6476],[9.8001,47.6447],[9.7953,47.6357],[9.779,47.6309],[9.7549,47.614],[9.7561,47.6097],[9.7477,47.6037],[9.7404,47.6045],[9.7469,47.613],[9.7457,47.6173],[9.7375,47.6117],[9.7343,47.6165],[9.7269,47.6067],[9.712,47.6067],[9.7063,47.6018],[9.6946,47.6047],[9.6922,47.6104],[9.6839,47.6046],[9.6781,47.6049],[9.6714,47.6114],[9.6577,47.6117],[9.6538,47.6056],[9.636,47.6025],[9.6402,47.601],[9.6442,47.5903],[9.6263,47.5925],[9.6141,47.5812],[9.596,47.5881],[9.5597,47.5848],[9.5602,47.5899],[9.5574,47.5856],[9.5544,47.5909],[9.551,47.5873],[9.53,47.603],[9.5275,47.6153],[9.518,47.6218],[9.5151,47.635],[9.4953,47.6501],[9.463,47.6484],[9.452,47.6549],[9.4342,47.6572],[9.4216,47.6657],[9.4063,47.6683],[9.3497,47.6608],[9.3104,47.6742],[9.2634,47.6948],[9.2386,47.7106],[9.2263,47.7232],[9.2287,47.7268],[9.2248,47.7403],[9.1586,47.7659],[9.1393,47.769],[9.1244,47.7824],[9.0878,47.7975],[9.0616,47.8149],[9.039,47.8174],[9.0393,47.8134],[9.0306,47.8056],[9.0807,47.7718],[9.1168,47.7593],[9.1363,47.7471],[9.1489,47.7488],[9.1727,47.7349],[9.178,47.7256],[9.1796,47.7052],[9.2076,47.6871],[9.2177,47.6661],[9.2073,47.6632],[9.1784,47.667],[9.1817,47.6557],[9.1758,47.6539],[9.1577,47.666],[9.1278,47.6666],[9.1256,47.6743],[9.1123,47.6856],[9.0811,47.6833],[9.0538,47.6897],[9.0426,47.694],[9.0409,47.7014],[9.0446,47.704],[9.0407,47.7083],[9.0539,47.7023],[9.0604,47.7034],[9.0878,47.688],[9.1089,47.69],[9.1016,47.7017],[9.0918,47.707],[9.0231,47.7284],[8.9899,47.7435],[8.9834,47.7397],[9.0001,47.7334],[9.0149,47.72],[9.0057,47.7262],[8.9606,47.7372],[8.9431,47.7341],[8.9398,47.7281],[8.9431,47.7236],[8.9992,47.7034],[9.0062,47.6961],[8.9983,47.6869],[8.9761,47.6778],[8.9709,47.672],[8.9503,47.6677],[8.9379,47.6591],[8.9248,47.6598],[8.8942,47.6521],[8.8754,47.6562],[8.8735,47.6702],[8.8608,47.6803],[8.8505,47.6819],[8.8576,47.6923],[8.8508,47.6947],[8.8515,47.6975],[8.8633,47.6985],[8.8662,47.6965],[8.8632,47.6925],[8.8738,47.6942],[8.876,47.6969],[8.8697,47.702],[8.8727,47.7042],[8.8483,47.7035],[8.8433,47.7121],[8.8188,47.7129],[8.8262,47.7179],[8.8186,47.7176],[8.8128,47.7237],[8.8049,47.7245],[8.8119,47.7304],[8.8064,47.7383],[8.7966,47.7346],[8.7991,47.7271],[8.785,47.7272],[8.7807,47.7217],[8.7698,47.7181],[8.7728,47.7132],[8.7694,47.7069],[8.7921,47.7049],[8.7977,47.7029],[8.7977,47.6971],[8.8101,47.6933],[8.7965,47.6878],[8.7933,47.6799],[8.7959,47.6753],[8.7559,47.6898],[8.728,47.6927],[8.7264,47.6967],[8.7363,47.7162],[8.7179,47.7216],[8.7113,47.7301],[8.7143,47.7387],[8.7234,47.7455],[8.7414,47.7482],[8.7271,47.7623],[8.7142,47.7654],[8.6951,47.7557],[8.6886,47.7583],[8.6835,47.7706],[8.6883,47.7737],[8.6828,47.7772],[8.6809,47.7867],[8.6575,47.7918],[8.6603,47.7963],[8.657,47.8003],[8.6494,47.7985],[8.6455,47.7902],[8.6499,47.7813],[8.6481,47.7741],[8.653,47.7734],[8.6445,47.7643],[8.6277,47.7593],[8.6194,47.7677],[8.6233,47.7773],[8.6149,47.7838],[8.622,47.7947],[8.6186,47.7983],[8.6008,47.8029],[8.5927,47.7987],[8.5876,47.8027],[8.5752,47.7997],[8.5679,47.8085],[8.5635,47.8053],[8.5619,47.7927],[8.575,47.7896],[8.5773,47.7817],[8.5625,47.7779],[8.5632,47.7806],[8.5526,47.7846],[8.5265,47.7781],[8.5201,47.7705],[8.5102,47.7762],[8.496,47.7707],[8.489,47.7733],[8.4745,47.765],[8.4501,47.7393],[8.4528,47.7304],[8.4569,47.73],[8.455,47.7223],[8.4452,47.723],[8.4416,47.7177],[8.4168,47.71],[8.4044,47.6981],[8.4206,47.6839],[8.4056,47.6745],[8.4124,47.6663],[8.4237,47.6668],[8.4451,47.6538],[8.4574,47.6527],[8.4654,47.6571],[8.4661,47.6428],[8.4735,47.6383],[8.4778,47.6397],[8.4711,47.6423],[8.4777,47.6447],[8.4737,47.6498],[8.4924,47.6421],[8.4934,47.647],[8.5311,47.6457],[8.5339,47.65],[8.527,47.6604],[8.5334,47.6632],[8.5414,47.6571],[8.54,47.6651],[8.5534,47.6692],[8.5637,47.6701],[8.5648,47.6653],[8.5781,47.6616],[8.5938,47.6673],[8.598,47.6728],[8.6066,47.6721],[8.6089,47.6634],[8.6227,47.6572],[8.6288,47.6497],[8.6229,47.6405],[8.6156,47.6377],[8.603,47.6392],[8.6139,47.6441],[8.6077,47.6524],[8.5957,47.6431],[8.598,47.627],[8.6048,47.6133],[8.5825,47.5961],[8.5628,47.5996],[8.5664,47.6099],[8.5744,47.6119],[8.5693,47.6172],[8.5628,47.6168],[8.558,47.6243],[8.5385,47.6263],[8.5389,47.6309],[8.5177,47.6343],[8.5128,47.6255],[8.5151,47.6234],[8.5073,47.6238],[8.5083,47.6175],[8.4791,47.6152],[8.4685,47.6039],[8.4566,47.6023],[8.4604,47.5885],[8.4669,47.5842],[8.4887,47.5878],[8.4945,47.5812],[8.4337,47.5666],[8.3974,47.5772],[8.383,47.5658],[8.3238,47.5729],[8.2979,47.5891],[8.2975,47.6057],[8.289,47.6102],[8.265,47.6095],[8.2562,47.6152],[8.2385,47.6127],[8.2266,47.6051],[8.2193,47.6178],[8.2041,47.6209],[8.1649,47.5941],[8.1486,47.5954],[8.1383,47.5903],[8.1365,47.584],[8.1095,47.5823],[8.1031,47.5764],[8.1002,47.5638],[8.0897,47.5578],[8.0683,47.5646],[8.0437,47.5545],[8.0198,47.5505],[7.9992,47.5566],[7.9591,47.5583],[7.9432,47.5438],[7.9171,47.5478],[7.9105,47.5521],[7.9073,47.5603],[7.9109,47.571],[7.8928,47.5871],[7.8696,47.5888],[7.8408,47.5822],[7.8231,47.588],[7.8162,47.5831],[7.8112,47.5695],[7.7955,47.5574],[7.7511,47.5445],[7.7191,47.5418],[7.6926,47.5324],[7.6676,47.5362],[7.6614,47.5447],[7.6492,47.5482],[7.6341,47.5611],[7.6364,47.5641],[7.6481,47.5599],[7.6642,47.5654],[7.6773,47.5638],[7.6751,47.5655],[7.6834,47.5713],[7.6859,47.5656],[7.6895,47.5715],[7.6717,47.5874],[7.6936,47.6005],[7.6829,47.5986],[7.675,47.592],[7.6458,47.5969],[7.6432,47.5913],[7.6193,47.5769],[7.6045,47.5778],[7.6049,47.5848],[7.5892,47.5897],[7.5914,47.6042],[7.5743,47.6158],[7.5674,47.6317],[7.5211,47.6638],[7.5189,47.6847],[7.5119,47.696],[7.5135,47.7018],[7.5399,47.7184],[7.5476,47.7298],[7.5481,47.7395],[7.5307,47.7718],[7.5298,47.7813],[7.5629,47.8427],[7.5563,47.8775],[7.5798,47.8949],[7.5825,47.9299],[7.6096,47.9542],[7.622,47.9728],[7.6102,47.9987],[7.5685,48.0352],[7.5739,48.0549],[7.5692,48.08],[7.579,48.0998],[7.5776,48.1207],[7.5988,48.1356],[7.6006,48.1577],[7.6295,48.1837],[7.6441,48.2073],[7.6657,48.2205],[7.6892,48.2808],[7.6936,48.3017],[7.7062,48.3102],[7.7371,48.3196],[7.7446,48.3278],[7.7319,48.3764],[7.7332,48.3972],[7.7629,48.451],[7.7682,48.4897],[7.7951,48.5018],[7.8039,48.5112],[7.8068,48.5202],[7.8034,48.5369],[7.8054,48.5611],[7.8003,48.584],[7.8303,48.6199],[7.8397,48.6413],[7.89,48.6626],[7.9633,48.7215],[7.972,48.7581],[8.0143,48.761],[8.0236,48.7697],[8.0303,48.7874],[8.0416,48.7908],[8.0647,48.7897],[8.087,48.802],[8.1038,48.8201],[8.115,48.8514],[8.1352,48.8875],[8.1936,48.954],[8.2029,48.9598],[8.2392,48.9693],[8.2876,48.9984],[8.2974,49.0135],[8.3041,49.0407],[8.3117,49.0543],[8.3581,49.0978],[8.3727,49.152],[8.3684,49.1681],[8.3812,49.1857],[8.385,49.1983],[8.3985,49.2077],[8.4053,49.2206],[8.3985,49.2258],[8.3848,49.2196],[8.3893,49.234],[8.4007,49.2442],[8.4398,49.2623],[8.4582,49.2791],[8.4883,49.2917],[8.4851,49.3039],[8.4558,49.3142],[8.4505,49.3231],[8.4555,49.3321],[8.4833,49.3486],[8.4968,49.3642],[8.5004,49.389],[8.4732,49.3734],[8.4645,49.3764],[8.4635,49.3844],[8.4962,49.4021],[8.5082,49.4345],[8.4989,49.4427],[8.4555,49.4438],[8.4427,49.4502],[8.4443,49.4592],[8.4609,49.465],[8.4638,49.4704],[8.443,49.4927],[8.4239,49.5406],[8.4147,49.5539],[8.4151,49.5633],[8.4235,49.5761],[8.4224,49.5834],[8.4383,49.5839],[8.4405,49.5894],[8.446,49.5904],[8.4643,49.5895],[8.4758,49.5845],[8.4744,49.581],[8.4799,49.5786],[8.4799,49.5745],[8.495,49.573],[8.5263,49.548],[8.5416,49.5286],[8.5669,49.5191],[8.5814,49.5198],[8.5913,49.5213],[8.5979,49.5315],[8.608,49.5283],[8.6109,49.5387],[8.6213,49.545],[8.6107,49.5644],[8.6032,49.5933],[8.591,49.5959],[8.5893,49.6045],[8.5953,49.6055],[8.5939,49.6109],[8.6504,49.6209],[8.654,49.6184],[8.6779,49.6259],[8.6923,49.6237],[8.6938,49.6194],[8.6884,49.6146],[8.6789,49.6139],[8.6844,49.6101],[8.6869,49.6132],[8.6864,49.6085],[8.6778,49.609],[8.6773,49.6135],[8.6721,49.6112],[8.6821,49.6035],[8.6906,49.6074],[8.698,49.5998],[8.6963,49.5921],[8.6835,49.5898],[8.681,49.5755],[8.6847,49.5756],[8.6843,49.5702],[8.6931,49.5607],[8.6908,49.5556],[8.7058,49.548],[8.7027,49.5353],[8.7187,49.533],[8.7246,49.5259],[8.7359,49.5248],[8.7355,49.5213],[8.7249,49.5226],[8.7277,49.5183],[8.7404,49.5232],[8.7665,49.5147],[8.7768,49.5179],[8.7986,49.5117],[8.7981,49.5185],[8.8092,49.5257],[8.8219,49.5246],[8.817,49.5058],[8.8339,49.4907],[8.8394,49.4988],[8.8485,49.5022],[8.8827,49.5061],[8.8996,49.5037],[8.8968,49.4976],[8.8994,49.4845],[8.8765,49.4667],[8.8629,49.4667],[8.8663,49.4746],[8.8519,49.4836],[8.8263,49.4695],[8.8239,49.4626],[8.8346,49.4504],[8.8326,49.4367],[8.8365,49.4302],[8.8305,49.4232],[8.8066,49.4192],[8.8074,49.4107],[8.8015,49.4109],[8.8083,49.4064],[8.8034,49.4029],[8.8224,49.3956],[8.8313,49.4083],[8.8518,49.3955],[8.8723,49.4122],[8.8924,49.4209],[8.9009,49.4434],[8.9126,49.4376],[8.9247,49.4413],[8.9274,49.4491],[8.9503,49.455],[8.9319,49.4706],[8.9428,49.4857],[8.9546,49.482],[8.9506,49.4878],[8.9577,49.4955],[8.9518,49.5056],[8.968,49.5016],[8.9775,49.5034],[8.9792,49.5092],[8.9858,49.5103],[8.9923,49.5034],[9.0122,49.5027],[9.0151,49.4979],[9.0408,49.4991],[9.05,49.5194],[9.065,49.5296],[9.0789,49.5249],[9.0996,49.5262],[9.1061,49.5098],[9.1264,49.5169],[9.1236,49.5198],[9.1265,49.5216],[9.115,49.5339],[9.0844,49.543],[9.0881,49.5502],[9.0722,49.5652],[9.0731,49.5749],[9.078,49.5748],[9.0826,49.5618],[9.0989,49.5606],[9.103,49.5775],[9.1083,49.5793],[9.1177,49.5737],[9.1589,49.5796],[9.165,49.5755],[9.1733,49.5778],[9.1808,49.5737],[9.1873,49.5769],[9.1944,49.574],[9.2489,49.5845],[9.2464,49.59],[9.2495,49.5938],[9.2602,49.5944],[9.2646,49.6068],[9.285,49.6148],[9.2701,49.6265],[9.2748,49.6309],[9.2707,49.634],[9.2783,49.6376],[9.2855,49.6358],[9.2905,49.6438],[9.3065,49.6508],[9.3041,49.6549],[9.3439,49.6443],[9.3667,49.6584],[9.3833,49.6428],[9.406,49.6453],[9.4195,49.6589],[9.3979,49.6707],[9.4015,49.6749],[9.4125,49.6755],[9.4064,49.6796],[9.4201,49.6902],[9.4223,49.6961],[9.4169,49.7024],[9.4203,49.7066],[9.4187,49.7119],[9.4079,49.7215],[9.4011,49.7206],[9.4,49.7288],[9.3856,49.7309],[9.3868,49.7284],[9.3802,49.7261],[9.3825,49.7075],[9.3574,49.7043],[9.3532,49.7074],[9.3522,49.7165],[9.344,49.7186],[9.3742,49.728],[9.3417,49.7342],[9.323,49.7311],[9.2963,49.7389],[9.3231,49.7438],[9.3135,49.761],[9.316,49.7682],[9.351,49.769],[9.3726,49.779],[9.3915,49.7701],[9.4251,49.7896],[9.4349,49.7874],[9.4463,49.773],[9.4583,49.7695],[9.4694,49.7743],[9.4791,49.7869],[9.5015,49.7888],[9.5129,49.7818],[9.51,49.7704],[9.5138,49.7643],[9.523,49.7612],[9.5376,49.7676],[9.5465,49.7664],[9.5524,49.7604],[9.5551,49.7475],[9.5623,49.7445],[9.5689,49.7487],[9.5584,49.7651],[9.5576,49.7762],[9.5634,49.7814],[9.5801,49.784],[9.5763,49.7791],[9.5811,49.778],[9.6487,49.7915],[9.6497,49.7854]],[[8.676,49.616],[8.686,49.6184],[8.6859,49.6217],[8.6751,49.6211],[8.6719,49.6159],[8.676,49.616]]]]}},{"type":"Feature","properties":{"id":"09","ars":"09","gen":"Bayern"},"geometry":{"type":"MultiPolygon","coordinates":[[[[11.9199,50.4244],[11.9298,50.4212],[11.9347,50.4237],[11.9456,50.4163],[11.9442,50.4116],[11.9544,50.4071],[11.9481,50.4004],[11.9494,50.3948],[11.9603,50.3954],[11.9646,50.3999],[11.9747,50.3905],[11.9839,50.3887],[11.9786,50.38],[11.9847,50.3754],[11.9791,50.3681],[11.9848,50.3647],[11.9765,50.3619],[11.9826,50.3567],[11.9772,50.3515],[11.997,50.354],[11.9984,50.3465],[12.0148,50.3476],[12.0194,50.3404],[12.0309,50.3393],[12.0322,50.3301],[12.0418,50.331],[12.0389,50.3366],[12.0469,50.325],[12.0464,50.3312],[12.0578,50.3263],[12.0559,50.3317],[12.0616,50.3289],[12.0642,50.333],[12.0799,50.3268],[12.0913,50.3326],[12.0903,50.3243],[12.126,50.3072],[12.1197,50.2999],[12.1223,50.2916],[12.1355,50.284],[12.1387,50.2756],[12.1189,50.2665],[12.0975,50.2624],[12.1025,50.2558],[12.0908,50.2524],[12.0978,50.2464],[12.1064,50.2467],[12.1089,50.2379],[12.127,50.2325],[12.1414,50.2305],[12.1421,50.2338],[12.1513,50.2357],[12.1455,50.2304],[12.1621,50.2235],[12.164,50.2178],[12.1577,50.2144],[12.1595,50.2112],[12.1757,50.2129],[12.1784,50.2051],[12.186,50.2031],[12.1828,50.1994],[12.1975,50.1988],[12.1889,50.1955],[12.2013,50.1888],[12.2073,50.1695],[12.216,50.1682],[12.2112,50.1588],[12.2005,50.1525],[12.2036,50.1458],[12.1952,50.143],[12.1965,50.1232],[12.2023,50.1155],[12.1996,50.1112],[12.2105,50.1017],[12.2288,50.1023],[12.2274,50.097],[12.2311,50.0944],[12.2467,50.0975],[12.2462,50.0923],[12.2525,50.0916],[12.2543,50.0864],[12.2666,50.0784],[12.2754,50.0765],[12.2611,50.0647],[12.2609,50.0584],[12.2725,50.0613],[12.2793,50.0552],[12.2991,50.0587],[12.3173,50.0534],[12.3192,50.0488],[12.3156,50.0461],[12.3245,50.0388],[12.3254,50.033],[12.3389,50.0396],[12.3658,50.0228],[12.3675,50.0174],[12.3785,50.0191],[12.3796,50.014],[12.3866,50.0125],[12.4006,50.015],[12.4029,50.0133],[12.3976,50.0086],[12.4019,50.0053],[12.4245,50.0003],[12.4312,50.0026],[12.4352,49.9938],[12.4256,49.9912],[12.4314,49.9886],[12.4315,49.9844],[12.459,49.9948],[12.4674,49.9929],[12.4765,49.9808],[12.4899,49.9818],[12.4995,49.972],[12.4939,49.9698],[12.4906,49.9586],[12.4814,49.9583],[12.4705,49.949],[12.4755,49.9379],[12.4944,49.9369],[12.493,49.9332],[12.5045,49.9293],[12.5385,49.9248],[12.5477,49.9203],[12.5497,49.9011],[12.54,49.8912],[12.5219,49.8817],[12.5121,49.8594],[12.4978,49.8569],[12.498,49.8376],[12.4826,49.8417],[12.4729,49.8336],[12.4749,49.8193],[12.4642,49.8102],[12.4707,49.7996],[12.4653,49.7954],[12.4743,49.7919],[12.4727,49.7859],[12.4047,49.7628],[12.4007,49.7538],[12.4059,49.7478],[12.4064,49.7395],[12.4132,49.7323],[12.4257,49.7305],[12.4429,49.7037],[12.484,49.6939],[12.4852,49.6879],[12.4918,49.686],[12.5216,49.6868],[12.5228,49.6768],[12.5298,49.6662],[12.5224,49.6605],[12.526,49.6545],[12.5175,49.6445],[12.5289,49.6392],[12.5226,49.6338],[12.5237,49.628],[12.5344,49.6263],[12.5269,49.6223],[12.5282,49.6182],[12.5607,49.6196],[12.5569,49.6143],[12.5627,49.6087],[12.5642,49.5962],[12.5771,49.5863],[12.571,49.569],[12.5742,49.5594],[12.595,49.5415],[12.5885,49.5385],[12.6207,49.5266],[12.6359,49.532],[12.6443,49.523],[12.6397,49.5006],[12.6441,49.4849],[12.6338,49.4762],[12.6485,49.4683],[12.6537,49.4587],[12.658,49.4505],[12.6559,49.4345],[12.6789,49.4263],[12.7087,49.4247],[12.7147,49.414],[12.7329,49.4099],[12.7576,49.3948],[12.7611,49.3825],[12.7581,49.3752],[12.7684,49.3653],[12.7814,49.3603],[12.7788,49.3481],[12.7863,49.3454],[12.837,49.3407],[12.8433,49.3452],[12.8535,49.3381],[12.8869,49.3323],[12.8802,49.3505],[12.9017,49.3496],[12.9199,49.3434],[12.943,49.3442],[12.9726,49.3339],[13.0039,49.3123],[13.0076,49.306],[13.0291,49.3043],[13.0306,49.2876],[13.0257,49.2789],[13.0339,49.2639],[13.0559,49.2638],[13.0601,49.2506],[13.0808,49.2474],[13.0883,49.237],[13.086,49.2294],[13.1141,49.2184],[13.11,49.2032],[13.1293,49.1969],[13.1619,49.1746],[13.1709,49.1736],[13.1769,49.1642],[13.1703,49.144],[13.1828,49.1345],[13.2057,49.1221],[13.2364,49.1136],[13.2764,49.1205],[13.2892,49.1186],[13.3447,49.0885],[13.3465,49.0823],[13.3701,49.0678],[13.3759,49.0584],[13.3971,49.051],[13.3973,49.0448],[13.392,49.0417],[13.3997,49.037],[13.4059,49.0237],[13.4003,49.0162],[13.4093,49.0031],[13.4022,48.9942],[13.4029,48.9873],[13.4246,48.9773],[13.4262,48.9725],[13.4836,48.9513],[13.4956,48.9413],[13.5083,48.9422],[13.5071,48.9691],[13.5292,48.9741],[13.548,48.9669],[13.5633,48.9705],[13.5728,48.9661],[13.5759,48.9701],[13.5855,48.9685],[13.5926,48.9617],[13.5907,48.9528],[13.6085,48.9405],[13.6088,48.9441],[13.6287,48.9492],[13.6307,48.9467],[13.6223,48.939],[13.638,48.9257],[13.6381,48.9191],[13.6552,48.8935],[13.6696,48.8903],[13.6694,48.8832],[13.6762,48.8787],[13.7026,48.8817],[13.7168,48.8782],[13.7305,48.8871],[13.7379,48.8858],[13.7372,48.8797],[13.7506,48.8668],[13.7501,48.8583],[13.7647,48.8342],[13.7931,48.8302],[13.788,48.8252],[13.8153,48.7969],[13.8039,48.7811],[13.8132,48.774],[13.8395,48.7716],[13.8365,48.763],[13.8212,48.7545],[13.8188,48.7315],[13.8103,48.7288],[13.8015,48.7171],[13.7949,48.7149],[13.803,48.7082],[13.8112,48.7086],[13.8138,48.7011],[13.8376,48.7007],[13.8336,48.692],[13.8176,48.6947],[13.8137,48.6919],[13.8131,48.6836],[13.8197,48.6713],[13.8142,48.6498],[13.8263,48.6351],[13.8257,48.6185],[13.8223,48.6142],[13.8159,48.6144],[13.8073,48.6049],[13.8084,48.5999],[13.8017,48.598],[13.8072,48.5842],[13.8011,48.5738],[13.7905,48.5719],[13.7704,48.5536],[13.7602,48.5655],[13.7541,48.5638],[13.7467,48.5525],[13.7548,48.5512],[13.7437,48.5441],[13.7485,48.5397],[13.7484,48.5316],[13.7336,48.5254],[13.732,48.5162],[13.7274,48.513],[13.7066,48.5173],[13.6873,48.528],[13.6646,48.534],[13.6533,48.5489],[13.6239,48.5547],[13.5995,48.5694],[13.5903,48.5687],[13.5811,48.5596],[13.5695,48.5613],[13.5269,48.5874],[13.509,48.5906],[13.5017,48.5809],[13.507,48.5777],[13.504,48.5725],[13.4919,48.5694],[13.4891,48.5629],[13.4746,48.5624],[13.4754,48.5561],[13.4637,48.554],[13.4501,48.564],[13.4379,48.5575],[13.4388,48.5482],[13.4502,48.5376],[13.445,48.5295],[13.4465,48.5232],[13.458,48.5114],[13.4274,48.4581],[13.44,48.433],[13.4217,48.404],[13.4176,48.3838],[13.4078,48.372],[13.3679,48.3533],[13.3297,48.3235],[13.2568,48.2937],[13.177,48.2944],[13.1291,48.2786],[13.0795,48.2769],[13.0568,48.266],[13.0224,48.258],[12.9958,48.2351],[12.9571,48.2096],[12.8693,48.2012],[12.8472,48.1669],[12.8357,48.1649],[12.8343,48.1579],[12.8273,48.1528],[12.7988,48.1462],[12.7982,48.1392],[12.7872,48.1238],[12.7677,48.1289],[12.7581,48.126],[12.7586,48.1184],[12.7491,48.1083],[12.7534,48.0857],[12.7597,48.0751],[12.8514,48.0148],[12.8745,47.9633],[12.9179,47.9546],[12.9228,47.9391],[12.9378,47.9437],[12.9464,47.9218],[12.964,47.9041],[13.0033,47.8503],[13.0032,47.8427],[12.9841,47.8279],[12.9641,47.7999],[12.9468,47.7861],[12.9395,47.7851],[12.9398,47.7785],[12.9282,47.7713],[12.9424,47.771],[12.9448,47.7646],[12.9356,47.7585],[12.9352,47.7473],[12.9174,47.7419],[12.905,47.7236],[12.9254,47.7103],[12.9468,47.7121],[12.9555,47.7078],[12.9735,47.7071],[12.9914,47.7087],[12.9949,47.713],[13.002,47.7132],[13.0083,47.7223],[13.0175,47.7229],[13.0269,47.7164],[13.0457,47.7128],[13.0608,47.6971],[13.0808,47.687],[13.0772,47.6694],[13.0987,47.6354],[13.0956,47.628],[13.063,47.6021],[13.0717,47.5882],[13.0436,47.5834],[13.0427,47.5738],[13.0509,47.5635],[13.0573,47.5621],[13.031,47.5331],[13.0463,47.524],[13.0434,47.5163],[13.0467,47.515],[13.0475,47.4921],[13.0269,47.4867],[13.0147,47.4705],[13.0011,47.4639],[12.9934,47.4717],[12.9946,47.4785],[12.9893,47.4776],[12.9779,47.4846],[12.9733,47.4832],[12.9727,47.4741],[12.9654,47.4749],[12.9087,47.497],[12.8844,47.5127],[12.8826,47.5206],[12.852,47.5306],[12.8476,47.546],[12.8177,47.5449],[12.8038,47.5499],[12.7945,47.5566],[12.7923,47.5651],[12.7843,47.5688],[12.7792,47.5793],[12.7953,47.5933],[12.7912,47.5981],[12.7935,47.601],[12.8073,47.6102],[12.8246,47.6121],[12.7895,47.6334],[12.7807,47.6328],[12.759,47.6509],[12.7605,47.6549],[12.7784,47.6608],[12.7839,47.6716],[12.7811,47.6741],[12.7719,47.6656],[12.7634,47.667],[12.7572,47.663],[12.7458,47.6752],[12.7323,47.6796],[12.7152,47.6763],[12.7051,47.6811],[12.6781,47.6824],[12.6661,47.6808],[12.6486,47.6703],[12.6301,47.6761],[12.6074,47.6737],[12.5957,47.6648],[12.575,47.6323],[12.5363,47.6365],[12.512,47.6253],[12.4992,47.625],[12.4911,47.637],[12.4651,47.6496],[12.4528,47.6678],[12.4407,47.6739],[12.443,47.6918],[12.4401,47.6952],[12.4,47.692],[12.3637,47.6838],[12.3515,47.6921],[12.3385,47.6905],[12.3352,47.6928],[12.338,47.6971],[12.2851,47.6902],[12.2632,47.6782],[12.2552,47.6793],[12.2412,47.6941],[12.2469,47.7108],[12.2649,47.7325],[12.257,47.743],[12.2496,47.7414],[12.2266,47.7183],[12.2037,47.7074],[12.1964,47.7085],[12.1839,47.7004],[12.1626,47.7011],[12.1688,47.68],[12.1818,47.6686],[12.1988,47.6414],[12.2081,47.6139],[12.2039,47.6068],[12.1781,47.6009],[12.1814,47.6104],[12.179,47.6144],[12.129,47.6056],[12.1152,47.6114],[12.0824,47.6097],[12.0642,47.6187],[12.0512,47.6149],[12.0371,47.6176],[12.0223,47.6111],[12.0085,47.6251],[11.9809,47.6188],[11.9762,47.613],[11.9682,47.6171],[11.9137,47.6138],[11.9027,47.6084],[11.8549,47.6023],[11.8473,47.5823],[11.8439,47.5812],[11.781,47.5912],[11.7001,47.5889],[11.6813,47.5838],[11.6603,47.5838],[11.6371,47.5943],[11.6311,47.5863],[11.6339,47.5808],[11.6221,47.5843],[11.6125,47.5798],[11.606,47.5814],[11.601,47.5683],[11.5872,47.5552],[11.588,47.5254],[11.5725,47.5145],[11.535,47.5091],[11.5183,47.511],[11.5056,47.5047],[11.4812,47.5093],[11.4495,47.5071],[11.4417,47.5176],[11.4371,47.5159],[11.4167,47.5022],[11.4077,47.4909],[11.391,47.4823],[11.3838,47.4722],[11.3914,47.4666],[11.4094,47.4667],[11.4117,47.4562],[11.4215,47.4447],[11.3755,47.4491],[11.3644,47.4447],[11.3575,47.4488],[11.3381,47.4497],[11.3313,47.4448],[11.3309,47.4391],[11.3212,47.4376],[11.3175,47.4324],[11.2911,47.4272],[11.2932,47.4193],[11.29,47.4074],[11.2729,47.3979],[11.225,47.3953],[11.2238,47.4014],[11.2534,47.4282],[11.2489,47.4326],[11.2205,47.4304],[11.2069,47.4338],[11.1982,47.4275],[11.158,47.4216],[11.1292,47.4128],[11.1228,47.4065],[11.1243,47.4001],[11.1155,47.3956],[11.0374,47.3965],[11.0314,47.3934],[11.0241,47.397],[11.0058,47.3941],[10.9703,47.4],[10.9686,47.4119],[10.9723,47.4175],[10.9848,47.421],[10.9836,47.43],[10.9281,47.4719],[10.9371,47.4815],[10.9101,47.4855],[10.8811,47.4793],[10.87,47.4832],[10.8705,47.4994],[10.9179,47.5136],[10.9156,47.5193],[10.9057,47.5175],[10.8997,47.522],[10.8902,47.5372],[10.8535,47.5346],[10.8385,47.5255],[10.831,47.5284],[10.8131,47.5264],[10.8125,47.5199],[10.7954,47.5212],[10.7776,47.5139],[10.7638,47.5197],[10.764,47.5282],[10.7576,47.5347],[10.7183,47.5381],[10.7089,47.5437],[10.6948,47.5446],[10.6912,47.5584],[10.6804,47.5555],[10.6766,47.559],[10.6354,47.559],[10.619,47.5669],[10.6079,47.5657],[10.598,47.5697],[10.5898,47.5597],[10.5803,47.5556],[10.5817,47.5476],[10.5734,47.5339],[10.5694,47.5336],[10.5591,47.5372],[10.5245,47.5352],[10.4889,47.5404],[10.4727,47.5509],[10.4545,47.5557],[10.4389,47.5235],[10.4406,47.5136],[10.4313,47.5037],[10.4428,47.4846],[10.4632,47.4828],[10.468,47.4769],[10.4702,47.4684],[10.4656,47.4642],[10.4657,47.4535],[10.476,47.4327],[10.4591,47.4282],[10.4562,47.4193],[10.4362,47.411],[10.4376,47.4067],[10.4312,47.4027],[10.4342,47.4],[10.4291,47.391],[10.4365,47.3806],[10.4196,47.3846],[10.4158,47.3796],[10.3933,47.3746],[10.3858,47.3623],[10.3863,47.3562],[10.3568,47.337],[10.3458,47.3217],[10.3488,47.3174],[10.33,47.3047],[10.3168,47.3068],[10.3016,47.2986],[10.2958,47.2999],[10.2815,47.2875],[10.266,47.2879],[10.2599,47.2816],[10.2456,47.2805],[10.2323,47.2705],[10.2222,47.2758],[10.2013,47.2769],[10.1783,47.2701],[10.174,47.2703],[10.172,47.279],[10.1787,47.2957],[10.1895,47.2939],[10.1991,47.2975],[10.2159,47.311],[10.1995,47.3266],[10.2074,47.3324],[10.2042,47.3367],[10.2176,47.3504],[10.2167,47.354],[10.2365,47.3727],[10.2316,47.3786],[10.2362,47.3819],[10.227,47.3888],[10.2126,47.3804],[10.1817,47.3923],[10.1827,47.3881],[10.1692,47.3858],[10.1695,47.3713],[10.1659,47.3688],[10.1417,47.3672],[10.1193,47.3757],[10.0998,47.3547],[10.0829,47.3937],[10.0863,47.3993],[10.0692,47.4098],[10.0745,47.4148],[10.0957,47.4178],[10.0971,47.4234],[10.1054,47.4287],[10.0939,47.4403],[10.0915,47.4591],[10.0704,47.456],[10.0647,47.4636],[10.0536,47.4666],[10.0541,47.4759],[10.0447,47.4876],[10.0349,47.4886],[10.0107,47.4819],[9.9953,47.4863],[9.9877,47.4986],[9.9957,47.5029],[9.9652,47.5212],[9.9683,47.5283],[9.9649,47.5379],[9.9709,47.5457],[9.9589,47.543],[9.9637,47.5347],[9.9411,47.5382],[9.9207,47.5297],[9.9135,47.5326],[9.9067,47.5422],[9.881,47.5481],[9.8751,47.5434],[9.878,47.5393],[9.874,47.5287],[9.8584,47.5339],[9.8492,47.542],[9.8157,47.5476],[9.817,47.5532],[9.8259,47.5598],[9.8208,47.5707],[9.8272,47.58],[9.8237,47.5872],[9.8141,47.5881],[9.8024,47.5959],[9.7772,47.5953],[9.7694,47.5877],[9.7655,47.5889],[9.762,47.5811],[9.756,47.5791],[9.7565,47.5729],[9.748,47.5705],[9.752,47.5675],[9.7434,47.5587],[9.7466,47.5552],[9.7415,47.5548],[9.7352,47.5467],[9.7368,47.5356],[9.7341,47.5338],[9.7298,47.5337],[9.7127,47.5507],[9.6919,47.5499],[9.6808,47.5423],[9.6756,47.5452],[9.6828,47.5524],[9.6795,47.5568],[9.6514,47.5574],[9.6384,47.567],[9.6285,47.5666],[9.6306,47.5693],[9.6275,47.5711],[9.6182,47.5685],[9.6079,47.5723],[9.6021,47.5843],[9.6141,47.5812],[9.6331,47.5941],[9.6433,47.5898],[9.6402,47.601],[9.636,47.6025],[9.6538,47.6056],[9.6577,47.6117],[9.6714,47.6114],[9.6781,47.6049],[9.6839,47.6046],[9.6922,47.6104],[9.6946,47.6047],[9.7063,47.6018],[9.712,47.6067],[9.7269,47.6067],[9.7343,47.6165],[9.7375,47.6117],[9.7457,47.6173],[9.7469,47.613],[9.7404,47.6045],[9.7477,47.6037],[9.7561,47.6097],[9.7549,47.614],[9.779,47.6309],[9.7953,47.6357],[9.8001,47.6447],[9.7956,47.6476],[9.8017,47.6509],[9.8162,47.6497],[9.8286,47.6579],[9.8306,47.6714],[9.8342,47.6733],[9.8378,47.6695],[9.8422,47.6777],[9.8749,47.6753],[9.8933,47.6632],[9.9163,47.661],[9.9315,47.6539],[9.9409,47.658],[9.9595,47.6523],[9.9707,47.6536],[9.9777,47.6617],[9.976,47.6653],[10.0019,47.682],[10.0286,47.687],[10.0305,47.6745],[10.0466,47.6763],[10.0483,47.6813],[10.0596,47.6801],[10.0684,47.6634],[10.0752,47.6583],[10.072,47.6434],[10.0773,47.6393],[10.0829,47.6501],[10.0814,47.6549],[10.0937,47.664],[10.0935,47.6701],[10.0892,47.673],[10.1111,47.666],[10.1301,47.6773],[10.1328,47.6851],[10.1283,47.6907],[10.1393,47.6979],[10.1394,47.7033],[10.1225,47.7117],[10.1164,47.7193],[10.1186,47.7333],[10.1136,47.7414],[10.1183,47.7506],[10.114,47.7544],[10.119,47.7596],[10.0825,47.7712],[10.0848,47.7766],[10.0796,47.7813],[10.0674,47.7824],[10.0647,47.7859],[10.0896,47.7984],[10.0901,47.8039],[10.1169,47.8006],[10.1194,47.8037],[10.1088,47.8058],[10.1157,47.8109],[10.128,47.8133],[10.138,47.8096],[10.1323,47.8147],[10.1315,47.8225],[10.1252,47.8229],[10.1099,47.8402],[10.1028,47.8424],[10.1101,47.847],[10.1072,47.8529],[10.0992,47.8449],[10.0974,47.8483],[10.0944,47.8439],[10.0916,47.8456],[10.0994,47.8516],[10.0983,47.8556],[10.1051,47.8571],[10.1045,47.8647],[10.0829,47.8558],[10.0768,47.8678],[10.0916,47.8674],[10.0979,47.8766],[10.1057,47.879],[10.1055,47.883],[10.0953,47.8852],[10.103,47.8891],[10.1017,47.9056],[10.1104,47.9107],[10.1083,47.9156],[10.1111,47.916],[10.105,47.9242],[10.111,47.9349],[10.0885,47.949],[10.0849,47.9613],[10.0915,47.9715],[10.115,47.9763],[10.1148,47.9886],[10.1216,47.9983],[10.1196,48.0035],[10.1346,48.0183],[10.1357,48.0238],[10.1271,48.0327],[10.1413,48.0467],[10.1392,48.0515],[10.1439,48.059],[10.1406,48.0649],[10.144,48.0739],[10.136,48.0765],[10.134,48.082],[10.1398,48.0885],[10.1404,48.0989],[10.1367,48.1008],[10.1362,48.1114],[10.1226,48.117],[10.108,48.1305],[10.0857,48.1822],[10.0837,48.2096],[10.077,48.2106],[10.0783,48.2202],[10.0695,48.2234],[10.0701,48.2306],[10.0607,48.2401],[10.069,48.2538],[10.062,48.2581],[10.066,48.262],[10.0622,48.2717],[10.0668,48.2749],[10.0658,48.2818],[10.0425,48.2942],[10.0431,48.3004],[10.0229,48.324],[10.0123,48.3306],[10.0104,48.3424],[9.9981,48.3475],[9.9948,48.3553],[9.9996,48.3632],[9.9933,48.3636],[9.993,48.3682],[9.9877,48.3706],[9.9828,48.368],[9.9841,48.3632],[9.9777,48.3627],[9.9673,48.3744],[9.9699,48.3794],[9.9849,48.3861],[9.9899,48.3937],[10.0144,48.4036],[10.0188,48.4182],[10.0424,48.4297],[10.0408,48.4344],[10.0281,48.4369],[10.0317,48.4438],[10.0382,48.4445],[10.0309,48.4536],[10.034,48.4578],[10.064,48.4564],[10.0944,48.4671],[10.105,48.4775],[10.1174,48.4754],[10.1173,48.4681],[10.1339,48.4549],[10.1718,48.4578],[10.1728,48.4628],[10.1779,48.4638],[10.1755,48.4694],[10.1846,48.4672],[10.1813,48.4696],[10.1845,48.4729],[10.1764,48.4714],[10.1829,48.4738],[10.1801,48.4755],[10.2179,48.4885],[10.2414,48.492],[10.2375,48.5002],[10.2425,48.5001],[10.2408,48.5062],[10.228,48.505],[10.238,48.5078],[10.2308,48.5105],[10.2483,48.5112],[10.2498,48.5162],[10.2527,48.5145],[10.2575,48.5195],[10.2868,48.5161],[10.312,48.5229],[10.3093,48.5263],[10.3148,48.5265],[10.3124,48.5301],[10.3032,48.5298],[10.3008,48.5451],[10.3143,48.5556],[10.313,48.5671],[10.3048,48.5843],[10.2931,48.5898],[10.2988,48.6049],[10.3072,48.6015],[10.3069,48.605],[10.3202,48.6039],[10.3188,48.6076],[10.3231,48.6091],[10.2978,48.6242],[10.2965,48.6336],[10.2836,48.6368],[10.2805,48.6468],[10.2744,48.6455],[10.2724,48.6492],[10.2683,48.6466],[10.2704,48.6519],[10.2595,48.6549],[10.2666,48.6588],[10.2546,48.6662],[10.2648,48.6721],[10.2554,48.6775],[10.2563,48.6807],[10.2688,48.6799],[10.2647,48.6829],[10.273,48.6859],[10.2687,48.7035],[10.2825,48.701],[10.292,48.6916],[10.3175,48.6829],[10.3174,48.6887],[10.3374,48.689],[10.3474,48.6791],[10.351,48.6547],[10.3611,48.6528],[10.3684,48.6639],[10.3894,48.6672],[10.3868,48.6741],[10.3928,48.6781],[10.392,48.6872],[10.4079,48.6945],[10.4089,48.6988],[10.4203,48.6947],[10.4317,48.6995],[10.4374,48.6936],[10.4296,48.686],[10.4265,48.6916],[10.4228,48.6908],[10.4226,48.6842],[10.4187,48.6823],[10.4245,48.6793],[10.4259,48.6724],[10.4087,48.6678],[10.4106,48.661],[10.4492,48.6652],[10.4542,48.6706],[10.465,48.6705],[10.481,48.6814],[10.4817,48.6865],[10.4951,48.6872],[10.4856,48.6916],[10.4873,48.6967],[10.4795,48.6948],[10.4803,48.7002],[10.4715,48.7028],[10.4835,48.7052],[10.4834,48.7081],[10.4816,48.7126],[10.4737,48.712],[10.4655,48.7198],[10.4676,48.7214],[10.4621,48.7223],[10.465,48.7277],[10.4557,48.729],[10.4643,48.7351],[10.4501,48.735],[10.4479,48.728],[10.4434,48.7294],[10.4399,48.7388],[10.4318,48.7373],[10.4349,48.7412],[10.4162,48.7481],[10.4231,48.7483],[10.4172,48.7505],[10.4182,48.7533],[10.4282,48.7559],[10.4182,48.7629],[10.4177,48.7696],[10.4131,48.7721],[10.4201,48.7762],[10.4178,48.7727],[10.4276,48.7731],[10.4285,48.7698],[10.432,48.7707],[10.4296,48.7769],[10.4343,48.7762],[10.4268,48.7817],[10.4275,48.7865],[10.4343,48.7896],[10.4209,48.7955],[10.4211,48.7994],[10.4339,48.8012],[10.4408,48.8095],[10.4486,48.812],[10.4463,48.8243],[10.4496,48.8251],[10.4491,48.8303],[10.4263,48.8369],[10.4274,48.843],[10.4528,48.8519],[10.4541,48.8603],[10.4484,48.8611],[10.4526,48.8735],[10.4448,48.8803],[10.453,48.8844],[10.4502,48.8931],[10.4213,48.9058],[10.4438,48.9085],[10.4571,48.9205],[10.4378,48.9332],[10.4514,48.9387],[10.4448,48.9404],[10.4433,48.9458],[10.4309,48.9463],[10.4323,48.9523],[10.4195,48.9592],[10.4249,48.9607],[10.4188,48.9686],[10.4037,48.9668],[10.4015,48.9745],[10.4118,48.979],[10.404,48.9807],[10.3947,48.9902],[10.3805,48.9892],[10.3819,48.999],[10.3728,49.0032],[10.3522,49.006],[10.3561,49.0135],[10.3454,49.0166],[10.3503,49.0284],[10.337,49.0273],[10.3329,49.0319],[10.3336,49.0268],[10.3275,49.0303],[10.329,49.0245],[10.3205,49.0257],[10.3095,49.032],[10.3027,49.0315],[10.3006,49.0403],[10.294,49.0428],[10.2849,49.0421],[10.2881,49.0399],[10.2848,49.0366],[10.265,49.0452],[10.2519,49.0392],[10.2498,49.0425],[10.2558,49.0448],[10.2517,49.0496],[10.2573,49.0533],[10.2561,49.0614],[10.2646,49.0614],[10.2582,49.0702],[10.2342,49.0764],[10.241,49.0822],[10.2471,49.0797],[10.2506,49.0928],[10.2291,49.0898],[10.2228,49.0979],[10.2123,49.0945],[10.205,49.0981],[10.2156,49.1061],[10.2152,49.1133],[10.2293,49.1132],[10.2296,49.1173],[10.225,49.1195],[10.2569,49.1291],[10.2516,49.134],[10.2555,49.1383],[10.248,49.1493],[10.2366,49.1493],[10.2281,49.1599],[10.2187,49.16],[10.2184,49.1635],[10.2052,49.1556],[10.1968,49.1558],[10.1995,49.1607],[10.1927,49.1676],[10.1952,49.1699],[10.1877,49.17],[10.1886,49.1744],[10.1863,49.1705],[10.1773,49.1735],[10.1812,49.1824],[10.1665,49.1792],[10.1536,49.1884],[10.1568,49.1927],[10.1353,49.2006],[10.1292,49.1957],[10.1301,49.1988],[10.1249,49.1997],[10.1305,49.2038],[10.1256,49.2109],[10.1401,49.2089],[10.139,49.2159],[10.1275,49.2233],[10.124,49.246],[10.1198,49.2474],[10.1332,49.2531],[10.1099,49.2583],[10.1187,49.2579],[10.114,49.2664],[10.1196,49.267],[10.1236,49.275],[10.1314,49.2751],[10.1236,49.271],[10.1266,49.2624],[10.1342,49.2622],[10.1474,49.2685],[10.1454,49.2749],[10.1507,49.2807],[10.1566,49.2808],[10.1493,49.2846],[10.1499,49.288],[10.1424,49.2876],[10.1441,49.2901],[10.1383,49.2915],[10.1323,49.3003],[10.1317,49.3051],[10.1452,49.3165],[10.1428,49.3226],[10.1369,49.3272],[10.1213,49.325],[10.1175,49.3291],[10.1105,49.3289],[10.108,49.3325],[10.1128,49.3324],[10.1131,49.3358],[10.1048,49.3384],[10.103,49.3438],[10.1091,49.3485],[10.1076,49.3517],[10.1237,49.3508],[10.1246,49.3561],[10.1134,49.3599],[10.1174,49.369],[10.1073,49.3788],[10.112,49.3849],[10.1217,49.3879],[10.1449,49.3844],[10.1612,49.3904],[10.1617,49.3955],[10.1386,49.4031],[10.1522,49.401],[10.1477,49.4108],[10.1517,49.4123],[10.1374,49.4247],[10.1336,49.432],[10.1381,49.4331],[10.1337,49.4371],[10.1188,49.4439],[10.1106,49.4425],[10.1118,49.4387],[10.0947,49.4479],[10.0978,49.457],[10.1082,49.4602],[10.1048,49.4628],[10.1223,49.4639],[10.1151,49.474],[10.1161,49.4786],[10.1107,49.4776],[10.1,49.4907],[10.1213,49.511],[10.1085,49.5115],[10.1057,49.5151],[10.0841,49.5118],[10.0769,49.5199],[10.0806,49.5212],[10.0786,49.5273],[10.0896,49.5305],[10.0855,49.5422],[10.0614,49.5451],[10.0617,49.5416],[10.0571,49.5407],[10.0614,49.5375],[10.04,49.529],[10.0572,49.5193],[10.0561,49.5149],[10.0462,49.507],[10.0282,49.504],[10.0203,49.4866],[10.0101,49.4832],[9.992,49.4864],[9.975,49.481],[9.974,49.4858],[9.9519,49.4804],[9.9266,49.4848],[9.9137,49.4933],[9.9251,49.5087],[9.917,49.5178],[9.9238,49.5241],[9.9271,49.5361],[9.9215,49.5411],[9.9207,49.551],[9.9244,49.5488],[9.9269,49.5516],[9.9207,49.5534],[9.925,49.5601],[9.9208,49.5633],[9.8991,49.5611],[9.898,49.5641],[9.9016,49.5725],[9.9157,49.5822],[9.9124,49.5859],[9.8988,49.5883],[9.8757,49.5786],[9.8741,49.5717],[9.8646,49.5679],[9.8666,49.5575],[9.8605,49.5535],[9.8593,49.546],[9.828,49.5516],[9.818,49.5586],[9.8115,49.5557],[9.8485,49.5777],[9.841,49.5951],[9.8595,49.603],[9.86,49.6085],[9.8728,49.6101],[9.868,49.6112],[9.8675,49.6213],[9.8641,49.6215],[9.8555,49.6415],[9.8367,49.6453],[9.8301,49.6517],[9.8338,49.6563],[9.8294,49.6597],[9.8325,49.6604],[9.8224,49.6647],[9.8256,49.6675],[9.8234,49.6732],[9.8299,49.681],[9.8412,49.6834],[9.83,49.6877],[9.8361,49.6917],[9.8318,49.7038],[9.8234,49.7047],[9.8214,49.7097],[9.7965,49.7207],[9.8,49.7309],[9.7914,49.7309],[9.7868,49.7218],[9.7716,49.7201],[9.753,49.7101],[9.7499,49.6959],[9.7394,49.6882],[9.7276,49.6887],[9.7284,49.6982],[9.7193,49.7019],[9.7097,49.7271],[9.7007,49.7221],[9.7004,49.717],[9.6772,49.7162],[9.6761,49.6933],[9.6535,49.6871],[9.6489,49.6917],[9.6325,49.6932],[9.6305,49.7016],[9.6254,49.7037],[9.6331,49.7171],[9.6409,49.7203],[9.6389,49.7256],[9.6277,49.732],[9.6366,49.7317],[9.6381,49.7371],[9.6469,49.7391],[9.639,49.7405],[9.6456,49.7469],[9.638,49.7539],[9.6519,49.7664],[9.6443,49.7786],[9.6514,49.7806],[9.6487,49.7915],[9.5811,49.778],[9.5763,49.7791],[9.5801,49.784],[9.5618,49.7806],[9.5576,49.7762],[9.5584,49.7651],[9.5689,49.7506],[9.5623,49.7445],[9.5551,49.7475],[9.5524,49.7604],[9.5465,49.7664],[9.5376,49.7676],[9.523,49.7612],[9.5138,49.7643],[9.51,49.7704],[9.5129,49.7818],[9.5032,49.7884],[9.4791,49.7869],[9.4688,49.7738],[9.457,49.7695],[9.445,49.774],[9.4349,49.7874],[9.4239,49.7895],[9.3915,49.7701],[9.3726,49.779],[9.351,49.769],[9.316,49.7682],[9.3135,49.761],[9.3231,49.7438],[9.3177,49.7404],[9.2957,49.7405],[9.323,49.7311],[9.3417,49.7342],[9.3742,49.728],[9.344,49.7186],[9.3522,49.7165],[9.3532,49.7074],[9.3574,49.7043],[9.3825,49.7075],[9.3802,49.7261],[9.3868,49.7284],[9.3856,49.7309],[9.4,49.7288],[9.4011,49.7206],[9.4079,49.7215],[9.4187,49.7119],[9.4203,49.7066],[9.4169,49.7024],[9.4223,49.6961],[9.4134,49.683],[9.4064,49.6796],[9.4125,49.6755],[9.3981,49.6715],[9.4195,49.6589],[9.406,49.6453],[9.3833,49.6428],[9.3667,49.6584],[9.3439,49.6443],[9.3041,49.6549],[9.3065,49.6508],[9.2905,49.6438],[9.2855,49.6358],[9.2783,49.6376],[9.2707,49.634],[9.2748,49.6309],[9.2701,49.6265],[9.285,49.6148],[9.2646,49.6068],[9.2602,49.5944],[9.2495,49.5938],[9.2464,49.59],[9.2489,49.5845],[9.1944,49.574],[9.1873,49.5769],[9.1808,49.5737],[9.1733,49.5778],[9.165,49.5755],[9.1589,49.5796],[9.1177,49.5737],[9.1083,49.5793],[9.103,49.5775],[9.083,49.602],[9.0664,49.6024],[9.0659,49.6197],[9.0859,49.6361],[9.0916,49.6352],[9.102,49.6422],[9.0995,49.6531],[9.1034,49.6604],[9.0889,49.669],[9.0896,49.6933],[9.1261,49.7],[9.1277,49.7047],[9.1225,49.7148],[9.134,49.7162],[9.1445,49.7378],[9.1508,49.7429],[9.1278,49.7552],[9.1069,49.7587],[9.1134,49.7737],[9.1272,49.7765],[9.1345,49.7822],[9.1291,49.7877],[9.1317,49.7949],[9.1081,49.798],[9.0909,49.7907],[9.0868,49.8054],[9.077,49.8182],[9.0867,49.8264],[9.0775,49.8346],[9.0901,49.841],[9.0847,49.8475],[9.0702,49.8333],[9.064,49.8318],[9.0562,49.8346],[9.0598,49.8407],[9.0528,49.84],[9.0595,49.847],[9.0492,49.8424],[9.0432,49.8441],[9.0414,49.8401],[9.0377,49.8426],[9.0361,49.8465],[9.0408,49.8475],[9.0437,49.8555],[9.0338,49.8604],[9.0333,49.8665],[9.0505,49.8676],[9.0384,49.8762],[9.0356,49.8993],[9.03,49.9059],[9.0319,49.9094],[9.0234,49.9101],[9.0323,49.9247],[9.0254,49.9456],[9.019,49.9471],[9.0264,49.9551],[9.0193,49.9747],[9.0201,49.9859],[9.0157,49.989],[9.023,49.9971],[9.0302,49.9906],[9.0488,49.9923],[9.0355,50.0018],[9.0398,50.0104],[9.031,50.0201],[9.0313,50.0396],[9.011,50.0458],[8.9854,50.0417],[8.9765,50.0472],[8.9766,50.0522],[8.9906,50.0671],[8.9993,50.0694],[8.9974,50.0916],[9.0183,50.1116],[9.0713,50.1194],[9.0773,50.1159],[9.0893,50.1168],[9.0982,50.1264],[9.1175,50.1266],[9.145,50.1141],[9.1536,50.1179],[9.1544,50.1074],[9.1434,50.097],[9.1492,50.0906],[9.1625,50.0982],[9.1587,50.1001],[9.175,50.1142],[9.1746,50.1195],[9.1916,50.1275],[9.1833,50.1379],[9.2106,50.1431],[9.2115,50.1466],[9.2219,50.1494],[9.2604,50.1385],[9.2859,50.1417],[9.3076,50.1334],[9.3274,50.1411],[9.3416,50.1313],[9.3736,50.131],[9.3945,50.0975],[9.4131,50.0841],[9.4359,50.085],[9.445,50.09],[9.5,50.0973],[9.5125,50.0944],[9.5192,50.1059],[9.5193,50.114],[9.51,50.1316],[9.5076,50.1456],[9.5218,50.15],[9.5312,50.1608],[9.5282,50.1681],[9.5051,50.1693],[9.4981,50.1755],[9.5015,50.193],[9.5131,50.194],[9.5162,50.1996],[9.5036,50.2086],[9.5026,50.2203],[9.4948,50.2267],[9.5012,50.2435],[9.5144,50.2341],[9.5335,50.2345],[9.542,50.2243],[9.5763,50.2324],[9.5829,50.2215],[9.5943,50.2248],[9.6216,50.2231],[9.6204,50.2275],[9.6358,50.2352],[9.6636,50.2337],[9.6682,50.2394],[9.6368,50.2514],[9.6435,50.2551],[9.6524,50.2697],[9.7034,50.2808],[9.7132,50.2917],[9.7352,50.2995],[9.7475,50.3135],[9.7441,50.3191],[9.7489,50.3252],[9.7444,50.3284],[9.7474,50.3412],[9.7332,50.3518],[9.7329,50.3561],[9.7462,50.3662],[9.7444,50.3717],[9.7593,50.4024],[9.7511,50.4136],[9.7621,50.4259],[9.7719,50.4249],[9.7802,50.4184],[9.7894,50.4251],[9.8075,50.4226],[9.8113,50.4171],[9.808,50.4124],[9.86,50.3975],[9.87,50.4093],[9.8831,50.3989],[9.919,50.4106],[9.9434,50.4233],[9.9578,50.4232],[9.9668,50.4345],[9.99,50.4471],[9.9975,50.461],[10.0183,50.4665],[10.022,50.4755],[10.0335,50.4811],[10.032,50.4864],[10.0412,50.4952],[10.0371,50.5],[10.0419,50.5077],[10.0397,50.5156],[10.0665,50.529],[10.0718,50.5277],[10.0685,50.5299],[10.07,50.5354],[10.0898,50.5448],[10.094,50.5536],[10.0985,50.5522],[10.0995,50.5582],[10.1071,50.5637],[10.1262,50.5614],[10.1207,50.5559],[10.1391,50.543],[10.1469,50.5431],[10.1503,50.5519],[10.1754,50.5429],[10.1779,50.5517],[10.2039,50.5547],[10.2083,50.5406],[10.2216,50.5387],[10.2248,50.5304],[10.232,50.5311],[10.2258,50.5187],[10.2308,50.5118],[10.2437,50.515],[10.2562,50.5128],[10.2677,50.5042],[10.2746,50.5059],[10.3066,50.4921],[10.3306,50.4943],[10.3327,50.4871],[10.3414,50.483],[10.3362,50.4659],[10.3482,50.4626],[10.3567,50.4552],[10.3673,50.4388],[10.3813,50.4389],[10.3724,50.4371],[10.3707,50.4318],[10.3925,50.4303],[10.3928,50.4269],[10.4038,50.4248],[10.3901,50.4099],[10.3839,50.4086],[10.3877,50.3982],[10.3945,50.3937],[10.3965,50.3969],[10.4237,50.3925],[10.4379,50.3955],[10.438,50.4012],[10.4495,50.403],[10.4533,50.4015],[10.453,50.3929],[10.4596,50.3877],[10.4585,50.3832],[10.4637,50.376],[10.4671,50.3776],[10.4735,50.3725],[10.4873,50.3753],[10.4906,50.3688],[10.4944,50.3694],[10.4929,50.3622],[10.486,50.3631],[10.4924,50.3551],[10.499,50.3577],[10.5033,50.3532],[10.5125,50.3598],[10.5146,50.3499],[10.5236,50.3548],[10.5267,50.3615],[10.5304,50.361],[10.531,50.3651],[10.5444,50.3645],[10.5534,50.3578],[10.5549,50.3547],[10.5498,50.3493],[10.5585,50.3389],[10.5834,50.3324],[10.6006,50.3337],[10.5923,50.3172],[10.5924,50.3081],[10.6053,50.2935],[10.5975,50.2892],[10.6016,50.2827],[10.5933,50.278],[10.591,50.2718],[10.6073,50.2713],[10.5978,50.2626],[10.605,50.259],[10.6113,50.2491],[10.5971,50.2462],[10.612,50.2241],[10.635,50.2229],[10.659,50.2307],[10.6623,50.2266],[10.6575,50.2237],[10.6637,50.2215],[10.6867,50.2259],[10.6876,50.2191],[10.6958,50.2118],[10.709,50.2103],[10.7166,50.2048],[10.7244,50.2061],[10.7312,50.2127],[10.7262,50.2409],[10.7298,50.2449],[10.7265,50.2476],[10.7322,50.2518],[10.7482,50.2478],[10.7461,50.2438],[10.7498,50.2425],[10.7696,50.2408],[10.7844,50.2485],[10.7818,50.2513],[10.8006,50.2514],[10.8073,50.2402],[10.824,50.2375],[10.8447,50.2432],[10.852,50.2516],[10.8464,50.2751],[10.8359,50.2731],[10.8263,50.2779],[10.8039,50.2798],[10.8026,50.292],[10.7942,50.2954],[10.7707,50.2927],[10.7418,50.3159],[10.7218,50.318],[10.7144,50.3255],[10.715,50.333],[10.7281,50.3381],[10.7289,50.3479],[10.7202,50.3496],[10.7143,50.3463],[10.7125,50.3546],[10.7179,50.3555],[10.7153,50.3636],[10.7545,50.3582],[10.7629,50.3697],[10.7738,50.372],[10.7854,50.3852],[10.8043,50.3791],[10.8304,50.3926],[10.8618,50.3877],[10.8677,50.3943],[10.8762,50.3965],[10.878,50.3932],[10.8872,50.3926],[10.8849,50.3885],[10.8931,50.3803],[10.8989,50.3847],[10.9376,50.3919],[10.9484,50.3818],[10.9597,50.3753],[10.9618,50.3776],[10.9627,50.3719],[10.9567,50.3685],[10.9858,50.3473],[10.9964,50.3467],[10.9995,50.352],[10.9941,50.3535],[10.9935,50.3655],[11.0334,50.3614],[11.0362,50.3587],[11.0317,50.3551],[11.0435,50.3522],[11.0324,50.3515],[11.0369,50.3452],[11.043,50.3447],[11.0736,50.3537],[11.0858,50.352],[11.082,50.3539],[11.0897,50.3659],[11.1153,50.367],[11.1193,50.3593],[11.114,50.3525],[11.1168,50.3493],[11.1217,50.349],[11.1267,50.3562],[11.1391,50.3535],[11.1361,50.3497],[11.1592,50.3304],[11.1582,50.3238],[11.1385,50.3164],[11.1318,50.3081],[11.1332,50.3002],[11.1432,50.2934],[11.1416,50.2892],[11.1459,50.285],[11.1538,50.2835],[11.1585,50.2892],[11.1655,50.2823],[11.1837,50.2809],[11.174,50.2713],[11.1871,50.2696],[11.1978,50.2919],[11.2161,50.2842],[11.2144,50.2809],[11.2356,50.2753],[11.2475,50.2678],[11.2523,50.269],[11.2598,50.2749],[11.2574,50.2842],[11.2602,50.2871],[11.2518,50.2935],[11.252,50.2993],[11.2703,50.3067],[11.2565,50.3223],[11.2625,50.3254],[11.2613,50.3379],[11.2771,50.336],[11.2662,50.352],[11.2624,50.3524],[11.2843,50.3603],[11.2761,50.3809],[11.2643,50.387],[11.2646,50.3913],[11.2709,50.3942],[11.2581,50.4],[11.2689,50.4195],[11.268,50.4322],[11.2632,50.4429],[11.2471,50.4489],[11.2549,50.4564],[11.2451,50.4708],[11.2471,50.4773],[11.2891,50.4856],[11.291,50.4753],[11.3017,50.485],[11.3009,50.4884],[11.3231,50.4912],[11.3214,50.5086],[11.347,50.5116],[11.343,50.5185],[11.3466,50.5215],[11.3749,50.5226],[11.3876,50.5156],[11.3931,50.5206],[11.4042,50.5163],[11.4239,50.5161],[11.4293,50.5122],[11.4409,50.4996],[11.436,50.4922],[11.4188,50.4935],[11.4215,50.4864],[11.4265,50.4845],[11.4181,50.4819],[11.4205,50.4743],[11.4155,50.4681],[11.4236,50.4623],[11.4193,50.4542],[11.4206,50.4434],[11.4405,50.4386],[11.4513,50.431],[11.4434,50.4208],[11.4632,50.4322],[11.4816,50.4316],[11.4806,50.4255],[11.4881,50.4158],[11.4793,50.4072],[11.4787,50.4012],[11.4899,50.3968],[11.503,50.3996],[11.5189,50.3957],[11.5199,50.3743],[11.5462,50.3841],[11.5601,50.3841],[11.5732,50.4001],[11.5943,50.4026],[11.6246,50.3869],[11.6482,50.3921],[11.6831,50.3927],[11.7078,50.4039],[11.7147,50.3966],[11.7445,50.4106],[11.7621,50.4054],[11.7508,50.4145],[11.7726,50.4115],[11.7803,50.4188],[11.7865,50.4153],[11.7974,50.4173],[11.8174,50.4006],[11.8255,50.4044],[11.8279,50.4001],[11.8184,50.3936],[11.8243,50.3898],[11.8524,50.4017],[11.8658,50.4007],[11.8824,50.4146],[11.9061,50.4172],[11.9199,50.4244]],[[10.4556,47.5561],[10.4731,47.5705],[10.4706,47.5797],[10.4818,47.5845],[10.469,47.587],[10.4329,47.5815],[10.4353,47.5793],[10.4296,47.5771],[10.4354,47.5677],[10.4451,47.5673],[10.451,47.5546],[10.4556,47.5561]]]]}},{"type":"Feature","properties":{"id":"10","ars":"10","gen":"Saarland"},"geometry":{"type":"MultiPolygon","coordinates":[[[[7.3688,49.1615],[7.3614,49.1534],[7.3627,49.1431],[7.3298,49.1448],[7.3214,49.1414],[7.2932,49.1149],[7.2824,49.1169],[7.2816,49.1244],[7.2657,49.1227],[7.2451,49.1301],[7.2055,49.1236],[7.198,49.1152],[7.1963,49.1217],[7.1855,49.1312],[7.1651,49.1286],[7.1594,49.1205],[7.1356,49.1284],[7.1258,49.1419],[7.1041,49.1384],[7.1036,49.1455],[7.1131,49.1524],[7.1011,49.156],[7.0844,49.1534],[7.0821,49.1419],[7.0901,49.1309],[7.0718,49.1243],[7.0666,49.1142],[7.055,49.1121],[7.0442,49.1202],[7.0468,49.1365],[7.0323,49.1565],[7.033,49.1636],[7.0277,49.1701],[7.035,49.1914],[7.0233,49.1892],[7.0215,49.1931],[7.0108,49.188],[7.0089,49.194],[6.9995,49.1945],[6.9752,49.2095],[6.9596,49.2031],[6.9399,49.2167],[6.9381,49.2224],[6.9251,49.2233],[6.8933,49.2091],[6.8589,49.2228],[6.838,49.2135],[6.8363,49.2113],[6.852,49.2003],[6.8505,49.1934],[6.8618,49.1788],[6.859,49.1746],[6.8444,49.1731],[6.8475,49.1572],[6.8341,49.1511],[6.7827,49.1682],[6.7386,49.1637],[6.7203,49.1753],[6.7112,49.1883],[6.7314,49.206],[6.7235,49.2188],[6.7197,49.2211],[6.6958,49.2153],[6.6886,49.2221],[6.6907,49.2306],[6.6853,49.241],[6.69,49.2496],[6.6756,49.2576],[6.6643,49.2545],[6.6614,49.2581],[6.6678,49.271],[6.6659,49.2769],[6.6702,49.2803],[6.6601,49.2837],[6.6534,49.2812],[6.6504,49.2885],[6.6388,49.2957],[6.632,49.2958],[6.6224,49.3031],[6.6151,49.3013],[6.5891,49.3221],[6.5956,49.3301],[6.5912,49.3362],[6.5784,49.335],[6.5757,49.3417],[6.5657,49.3477],[6.5636,49.3559],[6.5741,49.3587],[6.5884,49.3499],[6.6022,49.3671],[6.5945,49.3716],[6.5831,49.3684],[6.5867,49.3851],[6.5768,49.3898],[6.5636,49.3881],[6.5523,49.3942],[6.5521,49.3999],[6.5408,49.4013],[6.5387,49.4122],[6.5559,49.421],[6.5394,49.4337],[6.5248,49.4354],[6.4994,49.4504],[6.4863,49.4516],[6.4646,49.4664],[6.4557,49.4627],[6.4405,49.4667],[6.4291,49.4762],[6.4204,49.4764],[6.4036,49.4659],[6.375,49.4641],[6.3671,49.4695],[6.3675,49.5027],[6.3571,49.5316],[6.3801,49.5511],[6.4141,49.5464],[6.4143,49.5433],[6.4303,49.549],[6.4493,49.5439],[6.4521,49.5383],[6.4636,49.5441],[6.4715,49.5436],[6.4941,49.5306],[6.5149,49.5351],[6.5174,49.5275],[6.5386,49.5395],[6.5548,49.536],[6.564,49.5406],[6.5783,49.5301],[6.5797,49.5222],[6.5884,49.5175],[6.6047,49.5173],[6.6103,49.5211],[6.607,49.5274],[6.6197,49.5306],[6.617,49.5355],[6.6328,49.5419],[6.646,49.5391],[6.6528,49.5509],[6.6641,49.5427],[6.6842,49.5482],[6.6904,49.5352],[6.7,49.5412],[6.7086,49.5533],[6.734,49.5602],[6.748,49.5579],[6.7675,49.569],[6.7782,49.5702],[6.7982,49.5863],[6.8134,49.592],[6.8354,49.5829],[6.8417,49.5888],[6.8391,49.5926],[6.846,49.5896],[6.8572,49.6052],[6.8664,49.6087],[6.8796,49.6012],[6.8826,49.6084],[6.8898,49.6063],[6.8855,49.6109],[6.8931,49.6167],[6.9063,49.6141],[6.9214,49.6167],[6.9296,49.6124],[6.9277,49.6183],[6.9378,49.6177],[6.9328,49.631],[6.9452,49.6359],[6.9486,49.6351],[6.9514,49.6251],[6.9751,49.6354],[6.9784,49.6359],[6.9777,49.6327],[6.9915,49.6355],[6.986,49.6207],[7.001,49.6309],[7.0124,49.6284],[7.028,49.6394],[7.0591,49.6305],[7.0796,49.6121],[7.0877,49.5996],[7.093,49.6036],[7.1006,49.6024],[7.1002,49.6057],[7.1048,49.599],[7.1184,49.596],[7.1387,49.5973],[7.1493,49.6037],[7.1654,49.5971],[7.1737,49.5991],[7.1735,49.5851],[7.1821,49.5827],[7.1884,49.5757],[7.21,49.5771],[7.214,49.5745],[7.2098,49.5682],[7.2134,49.5658],[7.2408,49.569],[7.2408,49.5732],[7.2526,49.574],[7.2613,49.5832],[7.2687,49.5841],[7.2621,49.5736],[7.2675,49.5639],[7.2749,49.5606],[7.2761,49.5374],[7.3028,49.5345],[7.2997,49.5296],[7.3099,49.5232],[7.301,49.518],[7.3016,49.5216],[7.294,49.5221],[7.2857,49.5169],[7.2887,49.5132],[7.2809,49.5055],[7.2854,49.5047],[7.2827,49.5019],[7.2871,49.4991],[7.2781,49.4843],[7.2968,49.4835],[7.3048,49.4724],[7.2869,49.4577],[7.2464,49.4455],[7.2553,49.4406],[7.2502,49.4352],[7.261,49.4236],[7.2728,49.4242],[7.2901,49.4147],[7.2972,49.4046],[7.2942,49.401],[7.2989,49.3985],[7.2897,49.3933],[7.2918,49.3887],[7.302,49.3893],[7.3314,49.3789],[7.3558,49.3798],[7.3548,49.3744],[7.3691,49.374],[7.3664,49.3634],[7.398,49.3723],[7.4021,49.3677],[7.3934,49.3635],[7.4026,49.3562],[7.3909,49.3534],[7.3899,49.3498],[7.3987,49.3505],[7.4038,49.3461],[7.4,49.3367],[7.384,49.3218],[7.3777,49.3204],[7.3808,49.3168],[7.3921,49.3208],[7.3945,49.3164],[7.3902,49.3122],[7.3919,49.3096],[7.3807,49.3067],[7.38,49.2976],[7.3854,49.2941],[7.3717,49.2809],[7.367,49.2831],[7.3653,49.2781],[7.3558,49.2837],[7.3345,49.2783],[7.3435,49.2743],[7.344,49.2704],[7.3391,49.2639],[7.3249,49.2575],[7.3278,49.2546],[7.3246,49.2481],[7.3122,49.257],[7.3065,49.2561],[7.3035,49.2455],[7.2891,49.2378],[7.2945,49.2347],[7.289,49.2306],[7.304,49.2221],[7.2981,49.2132],[7.3013,49.2095],[7.2958,49.2053],[7.3035,49.2058],[7.3212,49.1885],[7.3385,49.1844],[7.3359,49.1759],[7.3431,49.173],[7.3501,49.1628],[7.3627,49.1584],[7.3688,49.1615]]]]}},{"type":"Feature","properties":{"id":"11","ars":"11","gen":"Berlin"},"geometry":{"type":"MultiPolygon","coordinates":[[[[13.4801,52.6746],[13.4756,52.6663],[13.4882,52.6706],[13.4853,52.6591],[13.4908,52.6547],[13.5128,52.6456],[13.5231,52.6454],[13.5177,52.6296],[13.5058,52.6258],[13.4968,52.6051],[13.5082,52.5922],[13.5471,52.5879],[13.5676,52.5737],[13.5815,52.5709],[13.5875,52.5553],[13.5854,52.5485],[13.6354,52.5416],[13.6267,52.5377],[13.6259,52.5301],[13.6569,52.5299],[13.6586,52.5258],[13.6333,52.5118],[13.6247,52.4952],[13.6308,52.4941],[13.615,52.4808],[13.6135,52.4758],[13.6164,52.4749],[13.6115,52.4706],[13.6255,52.4684],[13.6258,52.4737],[13.6482,52.4788],[13.6968,52.4642],[13.6984,52.4551],[13.7054,52.4558],[13.7013,52.4681],[13.7164,52.4622],[13.7291,52.4506],[13.7532,52.4476],[13.7541,52.4432],[13.759,52.4426],[13.7596,52.4363],[13.7523,52.4371],[13.7542,52.4416],[13.7505,52.4415],[13.7431,52.434],[13.738,52.4341],[13.7414,52.4269],[13.7295,52.4174],[13.7387,52.4073],[13.7345,52.402],[13.7164,52.3995],[13.6867,52.3858],[13.6986,52.3816],[13.6969,52.3776],[13.7005,52.378],[13.7,52.3751],[13.6916,52.3677],[13.6715,52.3667],[13.657,52.3516],[13.6517,52.3395],[13.6426,52.34],[13.6363,52.347],[13.6386,52.3602],[13.6471,52.3669],[13.6417,52.371],[13.6434,52.3774],[13.6334,52.3763],[13.6279,52.3818],[13.6044,52.3742],[13.6063,52.3796],[13.5952,52.3868],[13.5928,52.3942],[13.5649,52.3883],[13.5357,52.389],[13.5384,52.4007],[13.5283,52.3984],[13.5152,52.4014],[13.4799,52.396],[13.4683,52.4194],[13.4623,52.4206],[13.4188,52.4099],[13.4276,52.3868],[13.421,52.3762],[13.3885,52.378],[13.3872,52.3886],[13.3705,52.3885],[13.3721,52.3938],[13.343,52.4077],[13.3432,52.4116],[13.3119,52.3992],[13.2961,52.4165],[13.2745,52.4051],[13.2498,52.405],[13.2458,52.4208],[13.2223,52.4204],[13.1593,52.4029],[13.1578,52.3964],[13.1715,52.3958],[13.1426,52.3965],[13.1322,52.3894],[13.1336,52.3869],[13.1275,52.3916],[13.138,52.3963],[13.1334,52.3994],[13.1249,52.3969],[13.1116,52.4042],[13.1079,52.4095],[13.1126,52.41],[13.1116,52.4131],[13.1032,52.4102],[13.0972,52.4125],[13.0973,52.4094],[13.0903,52.4121],[13.0883,52.4196],[13.1046,52.4241],[13.1232,52.4394],[13.1092,52.4506],[13.1108,52.4661],[13.1178,52.479],[13.1253,52.4802],[13.1665,52.5101],[13.143,52.5197],[13.1174,52.517],[13.1306,52.5564],[13.1457,52.5529],[13.153,52.5728],[13.1496,52.5833],[13.1321,52.5797],[13.129,52.5874],[13.1643,52.5989],[13.2066,52.5867],[13.2173,52.5875],[13.2178,52.5932],[13.2016,52.6064],[13.217,52.6201],[13.2207,52.6282],[13.2643,52.6269],[13.2622,52.6408],[13.2824,52.6413],[13.2829,52.6608],[13.31,52.6574],[13.3004,52.6535],[13.3093,52.6431],[13.3079,52.6376],[13.3031,52.6367],[13.3083,52.6297],[13.3024,52.6276],[13.3579,52.6232],[13.376,52.6293],[13.3744,52.6315],[13.3887,52.6376],[13.3963,52.6482],[13.407,52.6424],[13.4128,52.6436],[13.4244,52.6356],[13.4338,52.638],[13.4341,52.6443],[13.4399,52.6453],[13.4409,52.6491],[13.4598,52.6481],[13.47,52.6521],[13.4739,52.6566],[13.4508,52.6627],[13.4801,52.6746]]]]}},{"type":"Feature","properties":{"id":"12","ars":"12","gen":"Brandenburg"},"geometry":{"type":"MultiPolygon","coordinates":[[[[12.2191,52.8609],[12.2176,52.8601],[12.2173,52.8604],[12.2168,52.8607],[12.2171,52.862],[12.2182,52.8624],[12.2213,52.8638],[12.2223,52.8625],[12.2191,52.8609]]],[[[13.8006,53.5583],[13.7985,53.5457],[13.8239,53.5211],[13.8217,53.5181],[13.8484,53.5143],[13.8793,53.5041],[13.8739,53.4906],[13.8846,53.4853],[13.8756,53.4735],[13.9182,53.456],[13.9175,53.4465],[13.9063,53.4439],[13.9114,53.4365],[13.9029,53.432],[13.9164,53.4223],[13.9465,53.4308],[14.0012,53.435],[14.0066,53.4304],[14.0456,53.4294],[14.0506,53.414],[14.0712,53.415],[14.0822,53.4109],[14.0823,53.4156],[14.0939,53.4221],[14.1054,53.4224],[14.1218,53.4417],[14.1368,53.441],[14.177,53.4229],[14.2059,53.423],[14.2247,53.4342],[14.2374,53.4277],[14.2418,53.4224],[14.2374,53.4147],[14.2433,53.3988],[14.2425,53.3893],[14.2234,53.3586],[14.184,53.3276],[14.1097,53.2826],[14.0988,53.2617],[14.1248,53.2602],[14.1602,53.2678],[14.176,53.2621],[14.2002,53.2618],[14.2111,53.2548],[14.266,53.2596],[14.2622,53.2766],[14.3019,53.2862],[14.3166,53.3123],[14.3487,53.31],[14.3502,53.3138],[14.3616,53.3176],[14.3748,53.3156],[14.3815,53.3239],[14.4031,53.3301],[14.4124,53.3296],[14.4155,53.3243],[14.4068,53.3087],[14.415,53.3019],[14.4212,53.2761],[14.4453,53.2744],[14.4501,53.2642],[14.4496,53.2594],[14.4352,53.2487],[14.4328,53.241],[14.4085,53.2232],[14.4059,53.2108],[14.3773,53.2017],[14.3663,53.172],[14.3711,53.1573],[14.3877,53.143],[14.3832,53.137],[14.379,53.1129],[14.3702,53.1046],[14.371,53.0931],[14.3662,53.0794],[14.3486,53.0547],[14.259,53.003],[14.1728,52.9756],[14.1622,52.9653],[14.1437,52.9614],[14.1388,52.9518],[14.1441,52.9449],[14.1426,52.9332],[14.1523,52.9006],[14.1616,52.8881],[14.1587,52.8761],[14.1298,52.8527],[14.123,52.844],[14.1229,52.8377],[14.1301,52.8283],[14.1393,52.8247],[14.2175,52.8169],[14.2301,52.805],[14.2804,52.7737],[14.351,52.7515],[14.3609,52.7406],[14.3735,52.7367],[14.4135,52.7008],[14.424,52.6962],[14.433,52.6815],[14.4578,52.6739],[14.4651,52.6613],[14.5962,52.6107],[14.6082,52.5996],[14.6137,52.5866],[14.6397,52.5716],[14.6373,52.5663],[14.6157,52.5542],[14.6134,52.544],[14.6039,52.5313],[14.6127,52.5104],[14.6317,52.5018],[14.6345,52.4923],[14.6134,52.4772],[14.6088,52.4639],[14.5792,52.4418],[14.5594,52.439],[14.5495,52.4336],[14.5442,52.426],[14.5466,52.4129],[14.5342,52.3969],[14.5521,52.3741],[14.5521,52.3537],[14.5625,52.3398],[14.561,52.3286],[14.5762,52.3215],[14.5849,52.3065],[14.5748,52.2956],[14.576,52.2884],[14.5875,52.2835],[14.5965,52.2729],[14.693,52.2556],[14.7157,52.2359],[14.7084,52.2117],[14.6852,52.1941],[14.7031,52.178],[14.7054,52.1696],[14.6796,52.1449],[14.6842,52.1242],[14.6816,52.1167],[14.7003,52.0981],[14.7243,52.0935],[14.7413,52.0852],[14.7591,52.0657],[14.7573,52.0607],[14.7452,52.0538],[14.7498,52.043],[14.7483,52.0318],[14.7404,52.0291],[14.7413,52.0234],[14.7267,52.0139],[14.7252,52.0082],[14.714,52.0037],[14.7214,51.9938],[14.7162,51.9824],[14.7047,51.9766],[14.7086,51.9636],[14.7212,51.9522],[14.7196,51.9429],[14.7034,51.9308],[14.7055,51.9236],[14.6911,51.9075],[14.6943,51.902],[14.6737,51.8939],[14.675,51.8898],[14.6631,51.8905],[14.6442,51.8674],[14.6245,51.8582],[14.6116,51.8574],[14.6071,51.8522],[14.6124,51.8455],[14.6041,51.8479],[14.6052,51.8404],[14.5961,51.8422],[14.5902,51.8381],[14.5931,51.8301],[14.5901,51.821],[14.5972,51.8173],[14.605,51.805],[14.6331,51.8014],[14.6451,51.7958],[14.6536,51.7843],[14.6546,51.7674],[14.6503,51.7627],[14.664,51.7573],[14.6571,51.7525],[14.66,51.7488],[14.6562,51.7413],[14.6681,51.7258],[14.6777,51.7227],[14.6909,51.7083],[14.7261,51.6897],[14.736,51.6888],[14.7395,51.6834],[14.737,51.6794],[14.7468,51.6762],[14.7578,51.661],[14.751,51.6523],[14.7559,51.6457],[14.7533,51.628],[14.7632,51.6191],[14.7649,51.607],[14.7299,51.5818],[14.7112,51.5958],[14.6966,51.5967],[14.7065,51.5765],[14.6928,51.5763],[14.6958,51.5746],[14.6911,51.5628],[14.674,51.5506],[14.664,51.5545],[14.6099,51.5501],[14.6037,51.5551],[14.6064,51.5572],[14.599,51.5717],[14.5831,51.5746],[14.5805,51.5804],[14.5696,51.5812],[14.5606,51.5735],[14.5444,51.5736],[14.5452,51.5618],[14.5155,51.5542],[14.4999,51.5594],[14.4541,51.5564],[14.4467,51.5527],[14.4478,51.5421],[14.4413,51.5446],[14.4094,51.5372],[14.3872,51.5418],[14.3867,51.534],[14.3759,51.5331],[14.3537,51.5208],[14.3399,51.5208],[14.3436,51.5171],[14.3421,51.5108],[14.3324,51.505],[14.3274,51.5074],[14.3229,51.5194],[14.274,51.5321],[14.2558,51.5323],[14.247,51.5278],[14.2425,51.5288],[14.2453,51.5312],[14.2421,51.5331],[14.2289,51.5328],[14.213,51.5398],[14.1367,51.5433],[14.1297,51.5339],[14.1424,51.5228],[14.1078,51.5218],[14.1006,51.5142],[14.0957,51.4987],[14.0738,51.4927],[14.0873,51.4774],[14.0726,51.4721],[14.0387,51.4799],[14.033,51.4751],[14.0553,51.4609],[14.0526,51.4525],[14.0628,51.4455],[14.0382,51.4356],[14.0462,51.4291],[14.0382,51.4284],[14.0446,51.4188],[14.0159,51.4051],[14.017,51.4005],[14.0258,51.4006],[14.0281,51.3959],[14.0133,51.3983],[14.0036,51.3956],[14.0083,51.392],[13.9963,51.3826],[14.0007,51.3726],[13.9702,51.3758],[13.9723,51.3938],[13.961,51.3972],[13.9082,51.3832],[13.9087,51.3786],[13.8822,51.375],[13.8683,51.3769],[13.8632,51.3818],[13.8332,51.3838],[13.8353,51.3768],[13.819,51.3695],[13.8079,51.3729],[13.7879,51.3709],[13.7806,51.3688],[13.7765,51.362],[13.7677,51.363],[13.7633,51.359],[13.7627,51.3654],[13.769,51.3694],[13.7666,51.3707],[13.7577,51.3715],[13.7532,51.3659],[13.7391,51.3612],[13.7134,51.3635],[13.6913,51.374],[13.6828,51.3676],[13.6684,51.3761],[13.6615,51.369],[13.5941,51.3694],[13.5958,51.3745],[13.5913,51.3751],[13.5876,51.3818],[13.5899,51.3842],[13.57,51.3857],[13.5508,51.3793],[13.5461,51.3692],[13.5426,51.3693],[13.5378,51.381],[13.5231,51.381],[13.5212,51.4021],[13.4944,51.4029],[13.4914,51.4077],[13.4633,51.4118],[13.4655,51.4218],[13.4738,51.4179],[13.4633,51.4263],[13.4606,51.4222],[13.4503,51.4228],[13.4459,51.4314],[13.4461,51.426],[13.4334,51.4276],[13.4285,51.4218],[13.4214,51.4215],[13.4281,51.4312],[13.4197,51.4388],[13.4122,51.4394],[13.4056,51.4459],[13.4093,51.4498],[13.4011,51.4542],[13.3882,51.4478],[13.3876,51.4411],[13.3821,51.436],[13.3729,51.4378],[13.3831,51.4281],[13.3766,51.4246],[13.3583,51.434],[13.3379,51.4292],[13.3334,51.4374],[13.3203,51.4375],[13.3283,51.4266],[13.2867,51.4114],[13.2864,51.3993],[13.26,51.4004],[13.2591,51.3953],[13.27,51.3905],[13.2685,51.3848],[13.2507,51.3941],[13.215,51.396],[13.2022,51.4164],[13.204,51.4264],[13.1998,51.4332],[13.1894,51.4343],[13.1846,51.4238],[13.1743,51.4283],[13.1751,51.4328],[13.1848,51.4385],[13.1918,51.4369],[13.2031,51.451],[13.2031,51.4587],[13.1829,51.4713],[13.187,51.4868],[13.1823,51.492],[13.1921,51.488],[13.2013,51.4917],[13.1969,51.4942],[13.2039,51.4988],[13.202,51.5041],[13.207,51.5049],[13.208,51.5244],[13.2005,51.526],[13.1907,51.5386],[13.1856,51.5581],[13.1608,51.559],[13.1586,51.5643],[13.1467,51.5635],[13.1432,51.5675],[13.141,51.5712],[13.1532,51.5824],[13.1549,51.5894],[13.1618,51.5921],[13.155,51.6002],[13.1438,51.5979],[13.121,51.6189],[13.1067,51.6116],[13.104,51.6165],[13.0971,51.6163],[13.1049,51.6097],[13.0938,51.6059],[13.0863,51.6081],[13.051,51.6477],[13.1545,51.6867],[13.1625,51.6918],[13.1561,51.6947],[13.1612,51.6967],[13.1551,51.7108],[13.1617,51.713],[13.1701,51.7081],[13.1687,51.7187],[13.1871,51.7156],[13.1795,51.7312],[13.1672,51.7354],[13.1684,51.7387],[13.1641,51.7419],[13.1608,51.7399],[13.154,51.7442],[13.1633,51.7549],[13.1499,51.7593],[13.1558,51.7646],[13.1475,51.7666],[13.1598,51.7746],[13.16,51.7839],[13.1687,51.7828],[13.1701,51.787],[13.158,51.7884],[13.1627,51.7931],[13.1585,51.7976],[13.163,51.802],[13.1485,51.8205],[13.1421,51.8207],[13.1391,51.8247],[13.1422,51.8286],[13.1356,51.8328],[13.1235,51.8546],[13.1235,51.8578],[13.1509,51.8596],[13.1496,51.8723],[13.1422,51.8726],[13.139,51.8795],[13.132,51.8796],[13.1323,51.8825],[13.1245,51.8829],[13.1191,51.8828],[13.119,51.8765],[13.1136,51.8749],[13.085,51.874],[13.0805,51.8675],[13.0392,51.8709],[13.0292,51.881],[13.0373,51.8803],[13.0376,51.8909],[13.0485,51.8919],[13.0454,51.9005],[13.0228,51.9032],[13.0218,51.8969],[13.0099,51.9028],[12.9861,51.9041],[12.9727,51.9009],[12.9765,51.9199],[12.956,51.9227],[12.9606,51.9349],[12.9184,51.9394],[12.9175,51.9327],[12.8904,51.9284],[12.8882,51.9348],[12.8527,51.935],[12.8503,51.9587],[12.8442,51.9677],[12.8113,51.9626],[12.7776,51.9646],[12.7743,51.9784],[12.7555,51.9864],[12.7296,51.989],[12.7119,51.9999],[12.6825,52.0033],[12.6692,52.0129],[12.6565,52.0129],[12.6486,52.0083],[12.6447,51.9944],[12.6144,51.9917],[12.6152,51.9823],[12.603,51.9811],[12.5394,51.9849],[12.5363,52.0029],[12.4988,52.0089],[12.485,52.0171],[12.4806,52.0333],[12.4608,52.0347],[12.45,52.0162],[12.4302,52.0183],[12.3896,52.0436],[12.3598,52.0465],[12.3481,52.0593],[12.329,52.0696],[12.3158,52.0924],[12.2767,52.104],[12.2632,52.1328],[12.2453,52.1387],[12.2313,52.155],[12.234,52.1628],[12.2168,52.1701],[12.2286,52.186],[12.2416,52.182],[12.2483,52.1842],[12.2418,52.1943],[12.2537,52.2056],[12.2452,52.2074],[12.2489,52.2117],[12.2603,52.2165],[12.2788,52.217],[12.2942,52.2297],[12.2886,52.2292],[12.2838,52.2345],[12.2645,52.2335],[12.2617,52.2361],[12.2753,52.2372],[12.2707,52.2417],[12.258,52.2432],[12.2615,52.2461],[12.2446,52.2484],[12.2547,52.2619],[12.2511,52.2642],[12.2511,52.2724],[12.2628,52.2951],[12.3081,52.3447],[12.2838,52.3643],[12.2861,52.3689],[12.3006,52.3711],[12.306,52.3774],[12.2943,52.3814],[12.2918,52.3861],[12.3033,52.3975],[12.3023,52.405],[12.2994,52.4091],[12.2923,52.4075],[12.2748,52.4123],[12.2745,52.4161],[12.297,52.4238],[12.2893,52.4307],[12.3027,52.4345],[12.3076,52.4443],[12.3032,52.446],[12.3043,52.4505],[12.3167,52.4524],[12.3151,52.4605],[12.3251,52.4642],[12.3253,52.4721],[12.3308,52.4786],[12.3169,52.475],[12.3083,52.4803],[12.3131,52.4897],[12.3277,52.4914],[12.3299,52.4969],[12.3107,52.4909],[12.2971,52.4961],[12.2944,52.4925],[12.2714,52.4875],[12.27,52.4937],[12.2625,52.4955],[12.2701,52.501],[12.2599,52.5042],[12.2582,52.5179],[12.2356,52.5238],[12.2238,52.5112],[12.2278,52.5059],[12.2214,52.5005],[12.2122,52.5032],[12.2027,52.4975],[12.1906,52.4989],[12.1847,52.4958],[12.1704,52.507],[12.1673,52.515],[12.1887,52.5324],[12.1739,52.5387],[12.1582,52.5342],[12.1546,52.5297],[12.1418,52.5284],[12.1435,52.5369],[12.1516,52.5438],[12.1593,52.561],[12.1811,52.5752],[12.1734,52.5823],[12.1766,52.6065],[12.1703,52.6077],[12.1756,52.6173],[12.1691,52.6168],[12.172,52.6259],[12.2035,52.6187],[12.2126,52.6251],[12.2369,52.6289],[12.2308,52.6298],[12.231,52.6399],[12.2367,52.641],[12.2379,52.6456],[12.2325,52.6536],[12.2355,52.6544],[12.2338,52.6597],[12.2379,52.6625],[12.2346,52.6644],[12.2393,52.6658],[12.2394,52.6717],[12.2354,52.6804],[12.2268,52.6838],[12.2329,52.689],[12.2217,52.6894],[12.2175,52.6998],[12.2242,52.7028],[12.2039,52.7134],[12.2098,52.7176],[12.1975,52.7184],[12.206,52.7265],[12.2013,52.729],[12.2232,52.7397],[12.2184,52.7435],[12.2199,52.7504],[12.2092,52.7532],[12.206,52.7604],[12.2149,52.764],[12.2118,52.766],[12.2131,52.7736],[12.2235,52.7757],[12.2208,52.7897],[12.2439,52.7865],[12.2492,52.7919],[12.2477,52.7965],[12.2556,52.7986],[12.2525,52.8037],[12.2575,52.8049],[12.2437,52.8207],[12.2373,52.8393],[12.2397,52.8437],[12.2319,52.8507],[12.2341,52.8594],[12.2174,52.866],[12.21,52.8624],[12.1969,52.878],[12.1722,52.8647],[12.1237,52.8538],[12.1331,52.8658],[12.1202,52.8755],[12.1226,52.8885],[12.1285,52.8926],[12.1246,52.8936],[12.1126,52.8757],[12.0837,52.8764],[12.0765,52.8864],[12.0663,52.8837],[12.0675,52.8861],[12.0609,52.8882],[12.0482,52.8859],[12.0226,52.8904],[12.0061,52.8875],[12.0053,52.8818],[11.9905,52.8812],[11.9816,52.876],[11.9594,52.8799],[11.949,52.8877],[11.9323,52.8916],[11.8973,52.8934],[11.8734,52.9084],[11.8393,52.9093],[11.826,52.9147],[11.8227,52.9205],[11.8252,52.9266],[11.8492,52.9434],[11.849,52.9485],[11.8421,52.9537],[11.7863,52.961],[11.7642,52.9814],[11.7421,52.9888],[11.732,52.9886],[11.7026,52.9778],[11.6921,52.9784],[11.6833,52.9856],[11.6841,52.9997],[11.6772,53.0081],[11.6467,53.0053],[11.6318,53.0085],[11.6252,53.0187],[11.6415,53.0329],[11.6365,53.0399],[11.6215,53.0417],[11.5847,53.0353],[11.5653,53.041],[11.5481,53.0524],[11.5112,53.0479],[11.4936,53.0546],[11.4638,53.0744],[11.4484,53.0784],[11.4026,53.0724],[11.3576,53.0559],[11.3413,53.0546],[11.3313,53.0587],[11.3098,53.0779],[11.2842,53.0891],[11.2678,53.1042],[11.2657,53.122],[11.3,53.1164],[11.3247,53.1193],[11.3366,53.1137],[11.3607,53.1162],[11.3709,53.1116],[11.3938,53.1103],[11.4006,53.1158],[11.3918,53.1297],[11.3956,53.14],[11.4139,53.1367],[11.4218,53.1409],[11.4387,53.1367],[11.4608,53.1402],[11.4737,53.1346],[11.4734,53.1273],[11.5005,53.1264],[11.5022,53.1214],[11.51,53.1255],[11.5346,53.1253],[11.5364,53.1292],[11.5485,53.1308],[11.5469,53.1347],[11.556,53.1388],[11.5501,53.1511],[11.5565,53.1504],[11.5559,53.1541],[11.5694,53.1661],[11.5626,53.1758],[11.5671,53.1825],[11.5578,53.1849],[11.5567,53.1942],[11.5606,53.2027],[11.5516,53.2084],[11.589,53.2158],[11.599,53.225],[11.6168,53.2306],[11.6197,53.2377],[11.6292,53.2422],[11.6402,53.2386],[11.667,53.2442],[11.7,53.244],[11.7146,53.2305],[11.7275,53.2317],[11.7293,53.2172],[11.7691,53.2275],[11.8289,53.2287],[11.833,53.232],[11.8296,53.2365],[11.7961,53.2533],[11.8617,53.2482],[11.8669,53.2566],[11.8899,53.2691],[11.8926,53.279],[11.9047,53.2746],[11.9481,53.2718],[11.9657,53.2852],[11.9739,53.2992],[11.9865,53.2998],[11.9877,53.2957],[11.9971,53.2939],[12.0028,53.2996],[12.0185,53.2996],[12.0236,53.3041],[12.0185,53.3154],[12.0221,53.3213],[12.0146,53.3344],[12.0564,53.3497],[12.0515,53.3602],[12.0472,53.361],[12.0514,53.3669],[12.0453,53.371],[12.0775,53.3694],[12.0821,53.3463],[12.0921,53.3449],[12.1092,53.3438],[12.1085,53.3499],[12.1347,53.3486],[12.1394,53.3614],[12.152,53.3615],[12.1565,53.3497],[12.1686,53.3391],[12.1868,53.3433],[12.1862,53.3507],[12.1911,53.354],[12.2122,53.3532],[12.2294,53.3582],[12.2364,53.342],[12.2453,53.333],[12.26,53.3277],[12.2575,53.325],[12.2602,53.3239],[12.2913,53.3287],[12.3108,53.3272],[12.311,53.3232],[12.343,53.3159],[12.3633,53.3067],[12.3942,53.3018],[12.3982,53.2947],[12.3918,53.2851],[12.4004,53.2792],[12.428,53.275],[12.4321,53.2708],[12.4316,53.2626],[12.4453,53.2499],[12.4671,53.2562],[12.4976,53.2552],[12.5028,53.2578],[12.5024,53.2622],[12.5298,53.2648],[12.606,53.2444],[12.6284,53.2546],[12.6657,53.2533],[12.6673,53.2487],[12.6757,53.2477],[12.6662,53.2416],[12.6694,53.2371],[12.664,53.235],[12.6712,53.2295],[12.7227,53.2217],[12.7574,53.2244],[12.7495,53.2063],[12.7395,53.1996],[12.7591,53.195],[12.7644,53.1889],[12.7849,53.1878],[12.8104,53.1977],[12.8149,53.192],[12.8172,53.1961],[12.8214,53.1935],[12.846,53.2014],[12.8584,53.1885],[12.8801,53.1797],[12.8895,53.1804],[12.891,53.1873],[12.9051,53.194],[12.9253,53.196],[12.9304,53.1928],[12.92,53.1864],[12.9412,53.1857],[12.9439,53.1909],[12.9371,53.1943],[12.948,53.199],[12.9751,53.1981],[12.9794,53.1906],[12.942,53.1743],[12.9473,53.1725],[12.9615,53.1777],[12.9685,53.1664],[12.9805,53.1625],[12.9915,53.1686],[13.0062,53.1673],[13.0091,53.1729],[13.02,53.1757],[13.0187,53.1852],[13.0289,53.186],[13.0424,53.1965],[13.0691,53.2036],[13.0795,53.2002],[13.0784,53.2047],[13.0873,53.2154],[13.1066,53.2152],[13.1083,53.2255],[13.1033,53.2355],[13.1099,53.2402],[13.133,53.2373],[13.1374,53.2446],[13.1522,53.2511],[13.1526,53.246],[13.1819,53.2507],[13.2027,53.2221],[13.2294,53.2166],[13.239,53.2258],[13.2397,53.2389],[13.2512,53.2474],[13.2437,53.2481],[13.2527,53.2623],[13.2753,53.2651],[13.2844,53.2757],[13.2978,53.2809],[13.3371,53.2734],[13.3605,53.278],[13.3686,53.271],[13.3706,53.2618],[13.3861,53.2505],[13.3865,53.2441],[13.4052,53.2464],[13.4077,53.2626],[13.4209,53.2696],[13.4315,53.2846],[13.4424,53.2865],[13.4341,53.2899],[13.4387,53.292],[13.4349,53.2947],[13.4382,53.2997],[13.4562,53.298],[13.4613,53.2887],[13.4831,53.2912],[13.4973,53.3022],[13.4964,53.3066],[13.5073,53.3162],[13.5028,53.3273],[13.5101,53.3174],[13.5235,53.3201],[13.523,53.3347],[13.5196,53.338],[13.5248,53.3431],[13.5253,53.351],[13.5169,53.3521],[13.526,53.3663],[13.5434,53.364],[13.5474,53.3719],[13.5564,53.3761],[13.5568,53.3796],[13.5502,53.3809],[13.5566,53.3916],[13.5462,53.3942],[13.5501,53.3991],[13.5641,53.4008],[13.5736,53.4081],[13.5935,53.4078],[13.6105,53.4138],[13.6252,53.4093],[13.636,53.4235],[13.6288,53.432],[13.6373,53.4326],[13.6389,53.4381],[13.6339,53.4399],[13.6405,53.4472],[13.6513,53.4437],[13.6543,53.4514],[13.6632,53.4581],[13.703,53.4736],[13.7154,53.4823],[13.7358,53.4814],[13.7414,53.4858],[13.753,53.4783],[13.7789,53.4742],[13.802,53.478],[13.8121,53.4839],[13.8271,53.4987],[13.809,53.5018],[13.801,53.4981],[13.7925,53.5109],[13.7777,53.5137],[13.7803,53.5236],[13.7764,53.5313],[13.7842,53.5518],[13.7913,53.5586],[13.8006,53.5583]],[[13.4794,52.6754],[13.4508,52.6627],[13.4739,52.6566],[13.47,52.6521],[13.4598,52.6481],[13.4409,52.6491],[13.4399,52.6453],[13.4341,52.6443],[13.4338,52.638],[13.4244,52.6356],[13.4128,52.6436],[13.407,52.6424],[13.3963,52.6482],[13.3887,52.6376],[13.3744,52.6315],[13.376,52.6293],[13.3579,52.6232],[13.3024,52.6276],[13.3083,52.6297],[13.3031,52.6367],[13.3079,52.6376],[13.3093,52.6431],[13.3004,52.6535],[13.31,52.6574],[13.2829,52.6608],[13.2824,52.6413],[13.2622,52.6408],[13.2643,52.6269],[13.2207,52.6282],[13.217,52.6201],[13.2016,52.6064],[13.2178,52.5932],[13.2173,52.5875],[13.2066,52.5867],[13.1643,52.5989],[13.129,52.5874],[13.1321,52.5797],[13.1496,52.5833],[13.153,52.5728],[13.1457,52.5529],[13.1306,52.5564],[13.1174,52.517],[13.143,52.5197],[13.1665,52.5101],[13.1253,52.4802],[13.1178,52.479],[13.1108,52.4661],[13.1092,52.4506],[13.1232,52.4394],[13.1046,52.4241],[13.0883,52.4196],[13.0903,52.4121],[13.0973,52.4094],[13.0972,52.4125],[13.1032,52.4102],[13.1116,52.4131],[13.1126,52.41],[13.1079,52.4095],[13.1116,52.4042],[13.1249,52.3969],[13.1334,52.3994],[13.138,52.3963],[13.1275,52.3916],[13.1336,52.3869],[13.1322,52.3894],[13.1426,52.3965],[13.1715,52.3958],[13.1578,52.3964],[13.1593,52.4029],[13.2223,52.4204],[13.2458,52.4208],[13.2498,52.405],[13.2745,52.4051],[13.2961,52.4165],[13.3119,52.3992],[13.3432,52.4116],[13.343,52.4077],[13.3721,52.3938],[13.3705,52.3885],[13.3872,52.3886],[13.3885,52.378],[13.421,52.3762],[13.4276,52.3868],[13.4188,52.4099],[13.4623,52.4206],[13.4683,52.4194],[13.4799,52.396],[13.5152,52.4014],[13.5283,52.3984],[13.5384,52.4007],[13.5357,52.389],[13.5649,52.3883],[13.5928,52.3942],[13.5952,52.3868],[13.6063,52.3796],[13.6044,52.3742],[13.6279,52.3818],[13.6334,52.3763],[13.6434,52.3774],[13.6417,52.371],[13.6471,52.3669],[13.6386,52.3602],[13.6363,52.347],[13.6426,52.34],[13.6517,52.3395],[13.657,52.3516],[13.6715,52.3667],[13.6916,52.3677],[13.7,52.3751],[13.7005,52.378],[13.6969,52.3776],[13.6986,52.3816],[13.6867,52.3858],[13.7164,52.3995],[13.7345,52.402],[13.7387,52.4073],[13.7295,52.4174],[13.7414,52.4269],[13.738,52.4341],[13.7431,52.434],[13.7505,52.4415],[13.7542,52.4416],[13.7523,52.4371],[13.7596,52.4363],[13.759,52.4426],[13.7541,52.4432],[13.7532,52.4476],[13.7291,52.4506],[13.7164,52.4622],[13.7013,52.4681],[13.7054,52.4558],[13.6984,52.4551],[13.6968,52.4642],[13.6482,52.4788],[13.6258,52.4737],[13.6255,52.4684],[13.6115,52.4706],[13.6164,52.4749],[13.6135,52.4758],[13.615,52.4808],[13.6308,52.4941],[13.6247,52.4952],[13.6333,52.5118],[13.6586,52.5258],[13.6569,52.5299],[13.6259,52.5301],[13.6267,52.5377],[13.6354,52.5416],[13.5854,52.5485],[13.5875,52.5553],[13.5815,52.5709],[13.5676,52.5737],[13.5471,52.5879],[13.5082,52.5922],[13.4968,52.6051],[13.5058,52.6258],[13.5177,52.6296],[13.5231,52.6454],[13.5128,52.6456],[13.4908,52.6547],[13.4853,52.6591],[13.4882,52.6706],[13.4756,52.6663],[13.4794,52.6754]]]]}},{"type":"Feature","properties":{"id":"13","ars":"13","gen":"Mecklenburg-Vorpommern"},"geometry":{"type":"MultiPolygon","coordinates":[[[[12.1037,54.1676],[12.1027,54.1676],[12.1024,54.1676],[12.1022,54.1678],[12.1023,54.168],[12.1026,54.168],[12.103,54.1682],[12.1033,54.1683],[12.1036,54.1684],[12.1041,54.1685],[12.1045,54.1684],[12.1047,54.1683],[12.1046,54.1681],[12.1043,54.1678],[12.1041,54.1677],[12.1037,54.1676]]],[[[13.3547,54.1791],[13.3544,54.1791],[13.3542,54.1792],[13.3542,54.1794],[13.3542,54.1796],[13.3542,54.1798],[13.3542,54.18],[13.3543,54.1802],[13.3544,54.1804],[13.3546,54.1805],[13.3546,54.1807],[13.3546,54.1809],[13.3547,54.1811],[13.355,54.1811],[13.3554,54.1811],[13.3555,54.1809],[13.3555,54.1807],[13.3555,54.1805],[13.3553,54.1802],[13.3551,54.1801],[13.355,54.1799],[13.3551,54.1797],[13.355,54.1794],[13.3549,54.1792],[13.3547,54.1791]]],[[[13.3901,54.2642],[13.3893,54.2642],[13.3887,54.2644],[13.3885,54.2647],[13.3886,54.265],[13.389,54.2653],[13.3897,54.2653],[13.3904,54.2653],[13.3908,54.2651],[13.3911,54.2648],[13.3907,54.2645],[13.3901,54.2642]]],[[[13.8122,54.1741],[13.8119,54.1741],[13.8115,54.1742],[13.8111,54.1744],[13.8106,54.1746],[13.8104,54.1748],[13.8105,54.175],[13.8108,54.1752],[13.8111,54.1754],[13.8115,54.1755],[13.8119,54.1755],[13.8123,54.1754],[13.8126,54.1753],[13.8126,54.175],[13.8125,54.1748],[13.8125,54.1745],[13.8126,54.1743],[13.8125,54.1742],[13.8122,54.1741]]],[[[13.3342,54.1698],[13.3343,54.1695],[13.3344,54.1693],[13.3343,54.1691],[13.3341,54.169],[13.3339,54.1689],[13.3337,54.1688],[13.3333,54.1689],[13.333,54.1689],[13.3327,54.1688],[13.3323,54.1688],[13.3322,54.169],[13.3322,54.1692],[13.332,54.1696],[13.332,54.1698],[13.3323,54.1699],[13.3328,54.1698],[13.333,54.1698],[13.3331,54.17],[13.3335,54.1702],[13.3339,54.1703],[13.3343,54.1703],[13.3346,54.1702],[13.3344,54.17],[13.3342,54.1698]]],[[[12.9885,54.4437],[12.9875,54.4436],[12.987,54.444],[12.9874,54.4446],[12.9883,54.445],[12.9892,54.4451],[12.9898,54.4449],[12.99,54.4446],[12.9893,54.444],[12.9885,54.4437]]],[[[13.2115,54.4653],[13.2118,54.4652],[13.2122,54.4652],[13.2125,54.4651],[13.2126,54.4647],[13.2125,54.4644],[13.2121,54.4643],[13.2118,54.4643],[13.2115,54.4643],[13.2111,54.4641],[13.2108,54.4639],[13.2103,54.4636],[13.2102,54.4637],[13.2099,54.4639],[13.2096,54.464],[13.2093,54.4642],[13.2091,54.4644],[13.2093,54.4645],[13.2098,54.4646],[13.2102,54.4646],[13.2108,54.4647],[13.2106,54.4649],[13.2103,54.4652],[13.2106,54.4653],[13.211,54.4654],[13.2115,54.4653]]],[[[13.3516,54.1758],[13.3505,54.1758],[13.3497,54.1761],[13.349,54.1764],[13.3488,54.177],[13.3489,54.1773],[13.3494,54.1775],[13.3499,54.1776],[13.3505,54.1774],[13.3508,54.177],[13.3509,54.1766],[13.3513,54.1764],[13.3519,54.1762],[13.3516,54.1758]]],[[[11.477,53.964],[11.4774,53.9637],[11.4775,53.9634],[11.4772,53.963],[11.4773,53.9626],[11.4776,53.962],[11.4775,53.9617],[11.4771,53.9616],[11.4769,53.9619],[11.4764,53.9623],[11.4754,53.9633],[11.475,53.9636],[11.4748,53.9639],[11.4751,53.9641],[11.4755,53.964],[11.4759,53.9639],[11.4763,53.964],[11.4766,53.964],[11.477,53.964]]],[[[13.3635,54.2511],[13.3629,54.2511],[13.3623,54.2511],[13.3617,54.2516],[13.3611,54.2519],[13.36,54.2521],[13.3589,54.2524],[13.3586,54.2528],[13.3592,54.2529],[13.3605,54.2529],[13.3613,54.2527],[13.3618,54.2523],[13.363,54.2517],[13.3641,54.2514],[13.3643,54.2512],[13.3635,54.2511]]],[[[13.2073,54.4654],[13.207,54.4651],[13.2065,54.4651],[13.206,54.4651],[13.2056,54.4653],[13.2053,54.4654],[13.2049,54.4654],[13.2045,54.4653],[13.2043,54.4653],[13.204,54.4654],[13.2038,54.4656],[13.2038,54.4659],[13.2041,54.4662],[13.2046,54.4663],[13.2051,54.4665],[13.2057,54.4666],[13.206,54.4667],[13.2063,54.4667],[13.2064,54.4666],[13.2067,54.466],[13.2069,54.4658],[13.2072,54.4656],[13.2073,54.4654]]],[[[14.0328,53.9441],[14.0323,53.944],[14.0318,53.9441],[14.0313,53.9443],[14.0311,53.9445],[14.0311,53.9448],[14.0314,53.9452],[14.0316,53.9457],[14.0318,53.9461],[14.0324,53.9464],[14.0329,53.9465],[14.0334,53.9465],[14.0339,53.9463],[14.0341,53.946],[14.0342,53.9456],[14.034,53.9452],[14.0335,53.9447],[14.0332,53.9444],[14.0328,53.9441]]],[[[13.0807,54.4745],[13.08,54.4745],[13.0797,54.4746],[13.0798,54.4749],[13.0797,54.4754],[13.0813,54.4767],[13.0818,54.477],[13.0824,54.477],[13.0828,54.4769],[13.0832,54.4766],[13.0833,54.4763],[13.0832,54.4758],[13.0828,54.4756],[13.0822,54.4753],[13.0815,54.4748],[13.0807,54.4745]]],[[[13.9586,53.941],[13.9583,53.941],[13.958,53.9411],[13.9578,53.9414],[13.9577,53.9415],[13.9577,53.9416],[13.9579,53.942],[13.9579,53.9423],[13.9578,53.9427],[13.9579,53.9431],[13.9583,53.9434],[13.9586,53.9436],[13.959,53.9437],[13.9595,53.9436],[13.9597,53.9432],[13.9597,53.9429],[13.96,53.9428],[13.9602,53.9427],[13.9606,53.9426],[13.9607,53.9424],[13.9608,53.942],[13.9607,53.9417],[13.9605,53.9416],[13.9599,53.9414],[13.9596,53.9413],[13.9592,53.9413],[13.9589,53.9411],[13.9586,53.941]]],[[[13.3013,54.5406],[13.3028,54.5375],[13.2986,54.5391],[13.3013,54.5406]]],[[[12.7255,54.4272],[12.7253,54.4271],[12.725,54.4271],[12.7246,54.4272],[12.7241,54.4274],[12.7236,54.4276],[12.7234,54.4277],[12.7231,54.4279],[12.723,54.428],[12.723,54.4282],[12.723,54.4283],[12.7232,54.4285],[12.7233,54.4286],[12.7233,54.4288],[12.7232,54.429],[12.7231,54.4291],[12.7231,54.4293],[12.7232,54.4294],[12.7233,54.4296],[12.7236,54.4296],[12.7239,54.4297],[12.7243,54.4297],[12.7246,54.4297],[12.7249,54.4296],[12.7252,54.4295],[12.7254,54.4294],[12.7256,54.4292],[12.7257,54.429],[12.7258,54.4288],[12.7258,54.4286],[12.7259,54.4283],[12.7259,54.428],[12.7259,54.4277],[12.7258,54.4274],[12.7257,54.4273],[12.7255,54.4272]]],[[[12.5279,54.3578],[12.5251,54.3594],[12.5279,54.3617],[12.5279,54.3578]]],[[[12.6711,54.4162],[12.671,54.4159],[12.6706,54.416],[12.6702,54.4162],[12.6699,54.4166],[12.6693,54.417],[12.669,54.4174],[12.6686,54.4185],[12.6685,54.4191],[12.6688,54.4194],[12.669,54.4197],[12.6693,54.4201],[12.6697,54.4205],[12.6701,54.4208],[12.6704,54.421],[12.6708,54.4206],[12.6704,54.4201],[12.6703,54.4194],[12.6704,54.4188],[12.6704,54.4181],[12.6707,54.4177],[12.6709,54.4171],[12.671,54.4169],[12.6712,54.4166],[12.6711,54.4162]]],[[[12.5285,54.3685],[12.5288,54.3683],[12.529,54.3681],[12.529,54.3678],[12.5287,54.3674],[12.528,54.3673],[12.527,54.3672],[12.5259,54.3672],[12.525,54.3672],[12.5245,54.3674],[12.5235,54.3677],[12.5229,54.3681],[12.523,54.3685],[12.5237,54.3686],[12.5244,54.3685],[12.525,54.3685],[12.5258,54.3686],[12.5268,54.3686],[12.5279,54.3686],[12.5285,54.3685]]],[[[12.5221,54.3721],[12.5244,54.3706],[12.5186,54.3722],[12.5221,54.3721]]],[[[12.5264,54.3627],[12.5249,54.3654],[12.5287,54.3666],[12.5264,54.3627]]],[[[12.9701,54.4364],[12.9678,54.4385],[12.9715,54.4405],[12.9701,54.4364]]],[[[12.5295,54.3464],[12.5296,54.3463],[12.5301,54.3463],[12.5303,54.3458],[12.53,54.3455],[12.5293,54.3456],[12.5286,54.3459],[12.528,54.3462],[12.5279,54.3466],[12.5283,54.347],[12.528,54.3477],[12.5279,54.3483],[12.5276,54.3486],[12.5274,54.349],[12.5278,54.3492],[12.5283,54.3494],[12.5284,54.3498],[12.5282,54.3501],[12.5279,54.3505],[12.5274,54.3507],[12.527,54.351],[12.5267,54.3514],[12.5267,54.352],[12.5269,54.3522],[12.5275,54.3521],[12.5296,54.3501],[12.5298,54.3497],[12.5296,54.3491],[12.5296,54.3477],[12.5293,54.3474],[12.5291,54.3469],[12.5292,54.3466],[12.5295,54.3464]]],[[[13.8044,54.0844],[13.8049,54.0842],[13.8055,54.0844],[13.8062,54.0844],[13.8064,54.0842],[13.8063,54.0839],[13.8058,54.0837],[13.8048,54.0838],[13.8042,54.0837],[13.8038,54.0833],[13.8037,54.0828],[13.8038,54.0819],[13.8042,54.0813],[13.8047,54.081],[13.8047,54.0807],[13.8049,54.0801],[13.8047,54.0799],[13.8049,54.0795],[13.8047,54.0792],[13.8044,54.0791],[13.8039,54.0791],[13.8037,54.0793],[13.8033,54.0798],[13.803,54.0803],[13.8027,54.0808],[13.8025,54.0812],[13.8019,54.0813],[13.8018,54.0816],[13.8021,54.0823],[13.8026,54.0831],[13.8028,54.084],[13.8031,54.0845],[13.8036,54.0848],[13.8041,54.0847],[13.8044,54.0844]]],[[[14.0288,53.9474],[14.0284,53.9473],[14.0277,53.9478],[14.0273,53.9484],[14.0265,53.9486],[14.0259,53.9488],[14.0255,53.949],[14.0251,53.9494],[14.0247,53.9496],[14.0244,53.95],[14.0242,53.9504],[14.024,53.9512],[14.0242,53.9515],[14.0249,53.9517],[14.0259,53.9516],[14.0266,53.9515],[14.0273,53.9511],[14.0279,53.9503],[14.0282,53.9499],[14.0283,53.9494],[14.0282,53.9492],[14.0283,53.9487],[14.0288,53.948],[14.0288,53.9477],[14.0288,53.9474]]],[[[12.1073,54.1632],[12.1067,54.1632],[12.1061,54.1634],[12.1054,54.1638],[12.1048,54.1645],[12.1046,54.1653],[12.1046,54.1663],[12.1048,54.1667],[12.1054,54.1671],[12.1063,54.1674],[12.1071,54.1675],[12.1077,54.1674],[12.1081,54.1672],[12.1082,54.1668],[12.108,54.1665],[12.1078,54.1663],[12.1073,54.1661],[12.1072,54.1657],[12.1073,54.1652],[12.1075,54.1647],[12.1079,54.1642],[12.108,54.1638],[12.1077,54.1634],[12.1073,54.1632]]],[[[11.4672,53.9638],[11.4668,53.9637],[11.4664,53.9638],[11.4661,53.964],[11.4659,53.9642],[11.4657,53.9645],[11.4658,53.9648],[11.4663,53.9652],[11.4664,53.9655],[11.4666,53.966],[11.4666,53.9665],[11.4669,53.9671],[11.4673,53.9676],[11.4679,53.9678],[11.4683,53.9679],[11.4689,53.9682],[11.4693,53.9684],[11.4695,53.9684],[11.4703,53.9685],[11.4706,53.9685],[11.4706,53.9682],[11.4704,53.9678],[11.47,53.9675],[11.47,53.9672],[11.4704,53.9669],[11.4703,53.9667],[11.4697,53.9665],[11.4693,53.9663],[11.469,53.9661],[11.4687,53.9656],[11.4686,53.9651],[11.4684,53.9647],[11.4682,53.9645],[11.468,53.9642],[11.4676,53.964],[11.4672,53.9638]]],[[[12.9295,54.4277],[12.9289,54.4275],[12.9284,54.4276],[12.9283,54.4278],[12.9283,54.4281],[12.9278,54.4284],[12.9276,54.4289],[12.9274,54.4292],[12.9274,54.4297],[12.9269,54.4301],[12.9264,54.4303],[12.9262,54.4305],[12.9261,54.4309],[12.9256,54.4311],[12.925,54.4311],[12.9245,54.4314],[12.9232,54.4322],[12.9228,54.4325],[12.9228,54.4329],[12.9231,54.4331],[12.9236,54.4331],[12.9242,54.4329],[12.9252,54.4326],[12.9261,54.4322],[12.9267,54.4317],[12.9272,54.4314],[12.9279,54.4313],[12.9289,54.4309],[12.9291,54.4304],[12.929,54.43],[12.9293,54.4296],[12.9297,54.4293],[12.9299,54.4291],[12.9301,54.4287],[12.9299,54.4281],[12.9295,54.4277]]],[[[11.429,53.9421],[11.4268,53.938],[11.4232,53.9422],[11.429,53.9421]]],[[[12.5845,54.3753],[12.5804,54.3771],[12.5855,54.3807],[12.5845,54.3753]]],[[[13.7852,54.0529],[13.7803,54.0558],[13.782,54.0593],[13.7852,54.0529]]],[[[13.8091,54.178],[13.8121,54.1761],[13.8032,54.1777],[13.8091,54.178]]],[[[12.6656,54.4068],[12.6655,54.4066],[12.6654,54.4063],[12.6652,54.4059],[12.665,54.4055],[12.6639,54.4052],[12.663,54.405],[12.6624,54.4048],[12.6616,54.405],[12.661,54.4052],[12.6607,54.4056],[12.661,54.4057],[12.6617,54.406],[12.6624,54.4062],[12.6625,54.4064],[12.662,54.4067],[12.661,54.4068],[12.6598,54.4067],[12.6587,54.4064],[12.6582,54.4059],[12.6573,54.4059],[12.6565,54.4062],[12.6563,54.4066],[12.6569,54.4079],[12.6576,54.4082],[12.6587,54.4083],[12.6599,54.4082],[12.661,54.408],[12.6618,54.4078],[12.6631,54.4076],[12.664,54.4075],[12.6649,54.4073],[12.6656,54.4068]]],[[[13.1231,54.4275],[13.1179,54.4267],[13.1164,54.4305],[13.1231,54.4275]]],[[[13.8129,54.1703],[13.8125,54.1702],[13.8122,54.1702],[13.8119,54.1701],[13.811,54.17],[13.8101,54.1699],[13.8096,54.1699],[13.8093,54.1699],[13.8091,54.1702],[13.8089,54.1705],[13.8085,54.1709],[13.8082,54.1713],[13.8077,54.1717],[13.807,54.1722],[13.8066,54.1725],[13.8064,54.1727],[13.8062,54.1731],[13.8061,54.1735],[13.8062,54.1738],[13.8066,54.174],[13.8071,54.1742],[13.8076,54.1743],[13.8083,54.1743],[13.809,54.1744],[13.8097,54.1743],[13.8104,54.1742],[13.8106,54.174],[13.8109,54.1739],[13.8115,54.1737],[13.8119,54.1736],[13.8123,54.1734],[13.8124,54.1731],[13.8124,54.1728],[13.8126,54.1724],[13.8129,54.1722],[13.813,54.172],[13.8128,54.1718],[13.8124,54.1716],[13.8122,54.1715],[13.8124,54.1713],[13.8127,54.1712],[13.8129,54.1711],[13.8131,54.1709],[13.8132,54.1706],[13.8131,54.1704],[13.8129,54.1703]]],[[[13.2097,54.4635],[13.1985,54.4576],[13.1992,54.4617],[13.2097,54.4635]]],[[[12.5315,54.3581],[12.5355,54.356],[12.5293,54.3547],[12.531,54.3499],[12.5278,54.3536],[12.5315,54.3581]]],[[[12.981,54.4424],[12.983,54.4377],[12.9735,54.4415],[12.981,54.4424]]],[[[13.7744,54.2063],[13.7689,54.2008],[13.7689,54.2089],[13.7744,54.2063]]],[[[13.2248,54.4697],[13.2228,54.465],[13.2135,54.4647],[13.2248,54.4697]]],[[[11.4963,54.0313],[11.499,54.0299],[11.4948,54.0242],[11.4863,54.0252],[11.4963,54.0313]]],[[[12.6437,54.4197],[12.645,54.4156],[12.6402,54.4194],[12.6373,54.4161],[12.6351,54.4212],[12.638,54.4235],[12.6437,54.4197]]],[[[13.7969,54.1073],[13.8088,54.1005],[13.8052,54.0947],[13.8027,54.1023],[13.7938,54.1072],[13.7969,54.1073]]],[[[13.3692,54.1835],[13.3705,54.1805],[13.3474,54.1818],[13.3692,54.1835]]],[[[13.2111,54.397],[13.2071,54.3986],[13.2101,54.4016],[13.2202,54.4014],[13.2111,54.397]]],[[[13.1247,54.5436],[13.1186,54.5389],[13.117,54.5469],[13.1233,54.5498],[13.1247,54.5436]]],[[[13.9204,54.2515],[13.9269,54.2488],[13.9067,54.2404],[13.9204,54.2515]]],[[[11.5151,54.038],[11.5119,54.054],[11.523,54.0685],[11.5152,54.0545],[11.5151,54.038]]],[[[13.1601,54.5129],[13.169,54.5066],[13.1649,54.5021],[13.1552,54.5067],[13.1601,54.5129]]],[[[14.267,53.7084],[14.2693,53.706],[14.2559,53.7017],[14.2487,53.7045],[14.2526,53.709],[14.267,53.7084]]],[[[12.7366,54.4123],[12.7362,54.408],[12.7298,54.4049],[12.7179,54.4057],[12.7244,54.4124],[12.7366,54.4123]]],[[[13.7641,54.127],[13.79,54.1087],[13.775,54.1114],[13.7667,54.1214],[13.767,54.1188],[13.7633,54.1207],[13.7664,54.1254],[13.7609,54.1254],[13.7641,54.127]]],[[[13.932,54.0247],[13.9246,54.0236],[13.926,54.016],[13.9164,54.0224],[13.9293,54.031],[13.934,54.0281],[13.932,54.0247]]],[[[13.1287,54.3141],[13.124,54.3116],[13.1292,54.3072],[13.1239,54.3035],[13.112,54.3087],[13.1128,54.3129],[13.1287,54.3141]]],[[[13.5439,54.323],[13.5281,54.3185],[13.5248,54.3094],[13.5187,54.3122],[13.5185,54.3163],[13.5231,54.3159],[13.5303,54.3265],[13.5415,54.3324],[13.5471,54.3262],[13.5439,54.323]]],[[[12.932,54.4432],[12.9619,54.4391],[12.9385,54.4386],[12.9302,54.4321],[12.9239,54.4348],[12.9267,54.4414],[12.932,54.4432]]],[[[13.4015,54.18],[13.4193,54.1728],[13.4222,54.1674],[13.4098,54.16],[13.4132,54.1632],[13.4093,54.1687],[13.4012,54.1709],[13.3998,54.179],[13.3935,54.1808],[13.4015,54.18]]],[[[12.6957,54.431],[12.7241,54.4254],[12.7311,54.4166],[12.6937,54.4188],[12.6824,54.4148],[12.6749,54.4183],[12.6793,54.4233],[12.6908,54.4245],[12.6936,54.4288],[12.6869,54.4276],[12.6957,54.431]]],[[[13.0507,54.4602],[13.059,54.4512],[13.0416,54.4424],[13.0156,54.4437],[12.9759,54.4324],[12.9776,54.4347],[12.9726,54.4359],[12.9762,54.4365],[12.9724,54.4374],[12.9733,54.4404],[12.9848,54.4359],[13.0003,54.4478],[13.0337,54.447],[13.0507,54.4602]]],[[[13.137,54.6048],[13.1468,54.6034],[13.158,54.5737],[13.1554,54.5801],[13.1508,54.5754],[13.1518,54.5831],[13.1467,54.5887],[13.1466,54.5955],[13.1455,54.5738],[13.1409,54.5852],[13.1344,54.5885],[13.1393,54.5903],[13.1414,54.5988],[13.1295,54.5913],[13.1252,54.5837],[13.1114,54.5847],[13.1102,54.5815],[13.1191,54.5743],[13.1101,54.5727],[13.1076,54.5685],[13.1161,54.5564],[13.1136,54.5428],[13.1169,54.538],[13.1008,54.5329],[13.1055,54.5315],[13.1034,54.5289],[13.0925,54.5276],[13.0924,54.5171],[13.0846,54.5192],[13.0886,54.5152],[13.0817,54.5136],[13.0801,54.5035],[13.0733,54.5005],[13.0738,54.4913],[13.0707,54.4918],[13.0745,54.4897],[13.0758,54.4829],[13.0727,54.4818],[13.0767,54.4786],[13.0713,54.4792],[13.073,54.4689],[13.0678,54.4706],[13.0714,54.4681],[13.0639,54.458],[13.0602,54.4749],[13.0656,54.4924],[13.101,54.5671],[13.1013,54.5871],[13.0978,54.5902],[13.1188,54.6031],[13.137,54.6048]]],[[[13.1836,54.494],[13.1966,54.4922],[13.1967,54.4868],[13.2007,54.4855],[13.2248,54.4866],[13.2277,54.4841],[13.2185,54.4832],[13.2248,54.4818],[13.2268,54.4732],[13.215,54.4675],[13.1868,54.4654],[13.1877,54.4598],[13.184,54.4572],[13.1658,54.4554],[13.1607,54.449],[13.1206,54.4438],[13.1228,54.4524],[13.1438,54.4783],[13.1615,54.4899],[13.1836,54.494]]],[[[11.473,54.0244],[11.4947,54.0214],[11.4953,54.0109],[11.489,53.999],[11.4874,54.0035],[11.4826,54.0017],[11.4833,54.0083],[11.4818,53.9994],[11.4782,53.998],[11.4804,53.9818],[11.472,53.9792],[11.4675,53.9734],[11.4721,53.9709],[11.4634,53.9698],[11.4639,53.9665],[11.455,53.9619],[11.456,53.9575],[11.4468,53.9586],[11.4415,53.9646],[11.4465,53.9757],[11.4462,53.9973],[11.4279,53.9858],[11.4296,53.9697],[11.4265,53.9672],[11.4279,53.9618],[11.4343,53.9652],[11.4318,53.9616],[11.4021,53.9683],[11.3936,53.9747],[11.3865,53.9681],[11.4112,53.9668],[11.3915,53.9649],[11.3779,53.9754],[11.3742,53.9923],[11.3819,53.9993],[11.4423,54.0202],[11.473,54.0244]]],[[[13.7976,54.174],[13.8125,54.1694],[13.8333,54.1319],[13.8747,54.1003],[13.9267,54.0782],[13.9673,54.0703],[14.0162,54.0539],[14.05,54.0294],[14.1422,53.9769],[14.1818,53.9484],[14.2263,53.9286],[14.2076,53.9159],[14.1853,53.9141],[14.2059,53.9106],[14.2039,53.9066],[14.2123,53.9003],[14.2154,53.8812],[14.2131,53.8665],[14.1894,53.8726],[14.1149,53.8691],[14.0847,53.8748],[14.0618,53.8695],[14.0408,53.8745],[14.0197,53.8693],[13.991,53.8484],[13.9801,53.8502],[13.939,53.8434],[13.9216,53.8481],[13.9235,53.8522],[13.9364,53.8477],[13.9499,53.85],[13.9549,53.861],[13.9345,53.8682],[13.9298,53.8751],[13.9288,53.8621],[13.9127,53.843],[13.8815,53.8398],[13.8591,53.8431],[13.8466,53.851],[13.8262,53.8497],[13.8218,53.857],[13.8297,53.8576],[13.8341,53.871],[13.8575,53.8714],[13.8743,53.8779],[13.8924,53.8768],[13.904,53.8858],[13.9215,53.888],[13.938,53.909],[13.9373,53.9157],[13.932,53.9203],[13.9322,53.9359],[13.9242,53.9426],[13.9227,53.9506],[13.8951,53.9665],[13.8996,53.9823],[13.906,53.9895],[13.9451,53.9946],[13.965,53.9898],[13.9631,53.9734],[13.9722,53.9696],[13.9502,53.9593],[13.9582,53.953],[13.9513,53.9457],[13.9527,53.9349],[13.96,53.9343],[13.9587,53.9386],[13.9712,53.9503],[13.9635,53.957],[13.9837,53.9621],[13.9841,53.9594],[13.9957,53.9628],[14.0043,53.9591],[14.0233,53.9622],[14.0166,53.9595],[14.0234,53.9581],[14.0101,53.954],[14.0118,53.9493],[14.0393,53.9406],[14.0438,53.9456],[14.035,53.95],[14.0489,53.9806],[14.0476,53.9974],[14.0431,53.9996],[14.0474,54.0014],[14.0414,53.9998],[14.0414,54.0087],[14.0349,54.0158],[14.0179,54.018],[14.0164,54.0215],[14.0176,54.015],[14.012,54.0101],[14.0044,54.0107],[14.0045,54.0236],[13.9977,54.0415],[13.9689,54.0594],[13.977,54.0621],[13.9733,54.064],[13.966,54.0595],[13.9514,54.059],[13.9112,54.064],[13.9172,54.0605],[13.9073,54.0431],[13.9139,54.0475],[13.9241,54.0358],[13.9095,54.0263],[13.8987,54.0121],[13.8694,54.0083],[13.8616,53.9998],[13.8533,54.0044],[13.8532,54.0137],[13.8637,54.0221],[13.866,54.033],[13.8704,54.0365],[13.8741,54.0323],[13.8797,54.0403],[13.8681,54.0456],[13.8759,54.0418],[13.873,54.0391],[13.8599,54.0479],[13.8209,54.0375],[13.8098,54.031],[13.8013,54.0187],[13.7699,54.0192],[13.7643,54.03],[13.7729,54.0408],[13.7812,54.0385],[13.7846,54.0462],[13.7906,54.0487],[13.7881,54.056],[13.7979,54.062],[13.8008,54.0748],[13.807,54.0784],[13.813,54.0988],[13.8082,54.1065],[13.8138,54.1078],[13.7925,54.1109],[13.7842,54.1189],[13.7748,54.1201],[13.7764,54.1268],[13.7721,54.134],[13.7644,54.1381],[13.7614,54.1372],[13.7642,54.134],[13.7587,54.1343],[13.7555,54.1377],[13.7515,54.1491],[13.758,54.1505],[13.751,54.1498],[13.7493,54.1585],[13.7589,54.1684],[13.7976,54.174]]],[[[13.4304,54.6843],[13.439,54.6769],[13.4339,54.6737],[13.4285,54.6601],[13.3911,54.6513],[13.3772,54.6356],[13.3837,54.612],[13.3933,54.5986],[13.4187,54.5809],[13.4604,54.5706],[13.4697,54.5754],[13.4897,54.573],[13.5883,54.5844],[13.6349,54.5855],[13.6612,54.5758],[13.6798,54.5625],[13.6761,54.5543],[13.6818,54.5432],[13.6786,54.5315],[13.67,54.5216],[13.6094,54.4989],[13.5972,54.4881],[13.6019,54.4834],[13.5995,54.4808],[13.5891,54.4859],[13.5846,54.48],[13.5801,54.4809],[13.5716,54.4732],[13.5701,54.4599],[13.5874,54.426],[13.6119,54.4043],[13.6271,54.3987],[13.6729,54.4012],[13.7048,54.3806],[13.7212,54.3591],[13.7475,54.3452],[13.7669,54.3418],[13.7401,54.3355],[13.7327,54.3279],[13.7305,54.3177],[13.7213,54.3147],[13.7152,54.2965],[13.7239,54.2734],[13.7077,54.2687],[13.697,54.2788],[13.6838,54.2834],[13.6908,54.2874],[13.6987,54.2806],[13.7095,54.2799],[13.7022,54.2956],[13.6933,54.2939],[13.6917,54.2897],[13.6702,54.292],[13.6617,54.2875],[13.6551,54.2885],[13.6454,54.2976],[13.6813,54.3123],[13.6854,54.3102],[13.6867,54.3154],[13.6998,54.3165],[13.6968,54.3175],[13.7042,54.3215],[13.7036,54.3263],[13.6813,54.3265],[13.6732,54.3304],[13.6373,54.3193],[13.6096,54.317],[13.6126,54.3208],[13.6424,54.3255],[13.674,54.3373],[13.6846,54.3463],[13.6821,54.3499],[13.654,54.3469],[13.6515,54.3516],[13.636,54.3444],[13.6391,54.3395],[13.6229,54.3343],[13.6289,54.3313],[13.6142,54.3302],[13.5983,54.3479],[13.5775,54.3531],[13.5508,54.3397],[13.5381,54.3431],[13.5167,54.3405],[13.5071,54.3442],[13.4795,54.3303],[13.4644,54.3291],[13.4546,54.3361],[13.4505,54.3316],[13.4572,54.3292],[13.4525,54.3261],[13.4623,54.329],[13.4669,54.3264],[13.4619,54.3164],[13.446,54.3142],[13.4191,54.3025],[13.4119,54.2956],[13.4109,54.2862],[13.3867,54.2666],[13.3839,54.2663],[13.3908,54.2795],[13.3715,54.2778],[13.3786,54.2774],[13.3685,54.2707],[13.3612,54.273],[13.3508,54.2698],[13.358,54.2601],[13.3587,54.2559],[13.3523,54.2538],[13.3596,54.2505],[13.358,54.2467],[13.3694,54.2542],[13.3659,54.258],[13.3634,54.2547],[13.359,54.2575],[13.3645,54.2641],[13.3788,54.2533],[13.3899,54.2587],[13.3916,54.264],[13.4016,54.2657],[13.4174,54.2558],[13.4247,54.2385],[13.3933,54.2209],[13.3835,54.2289],[13.3237,54.2375],[13.3089,54.2477],[13.2908,54.2513],[13.295,54.2554],[13.3207,54.2451],[13.3221,54.2524],[13.3266,54.2549],[13.3228,54.2662],[13.3339,54.27],[13.3367,54.2786],[13.3097,54.2657],[13.3146,54.2639],[13.3149,54.2592],[13.3215,54.2581],[13.2874,54.2592],[13.2682,54.2537],[13.2171,54.273],[13.2178,54.2793],[13.2147,54.2784],[13.2153,54.2714],[13.1995,54.2699],[13.1962,54.2845],[13.203,54.2903],[13.193,54.2971],[13.1811,54.2874],[13.1672,54.2897],[13.1436,54.2807],[13.139,54.2832],[13.1397,54.2964],[13.1541,54.3046],[13.1647,54.3043],[13.164,54.3011],[13.1697,54.3023],[13.1807,54.2964],[13.1855,54.3],[13.1696,54.3098],[13.1496,54.3128],[13.1389,54.3193],[13.1351,54.3174],[13.1291,54.3211],[13.1339,54.3249],[13.1142,54.3323],[13.1146,54.3427],[13.1217,54.3508],[13.1274,54.3707],[13.1499,54.3749],[13.1717,54.3713],[13.197,54.3759],[13.202,54.3714],[13.2159,54.3715],[13.2204,54.3677],[13.236,54.3697],[13.2366,54.3774],[13.2596,54.3802],[13.2623,54.3836],[13.237,54.3872],[13.2298,54.4019],[13.2444,54.4057],[13.2517,54.4018],[13.2548,54.4057],[13.249,54.4079],[13.2324,54.4038],[13.2375,54.4098],[13.2326,54.4136],[13.2295,54.4127],[13.2343,54.4097],[13.2205,54.4138],[13.2119,54.4299],[13.1917,54.4235],[13.1717,54.4252],[13.1583,54.4206],[13.1497,54.4229],[13.1497,54.4293],[13.1613,54.4372],[13.1709,54.4539],[13.1924,54.4554],[13.1926,54.4502],[13.2,54.448],[13.206,54.4603],[13.2177,54.4592],[13.2245,54.4643],[13.2357,54.4622],[13.2413,54.4661],[13.2517,54.4638],[13.2544,54.4656],[13.231,54.4679],[13.2422,54.4727],[13.2533,54.4713],[13.2701,54.4799],[13.2579,54.4784],[13.2563,54.486],[13.2494,54.4875],[13.2366,54.4827],[13.2286,54.4854],[13.2261,54.493],[13.2292,54.5037],[13.2328,54.5045],[13.2314,54.5109],[13.2005,54.5037],[13.1707,54.5078],[13.1621,54.5142],[13.1583,54.5377],[13.1497,54.542],[13.1392,54.5405],[13.1442,54.547],[13.1744,54.5457],[13.2437,54.5556],[13.2894,54.5416],[13.2953,54.5368],[13.2879,54.5221],[13.3049,54.5141],[13.3107,54.5173],[13.3063,54.5193],[13.3113,54.52],[13.3121,54.5244],[13.3031,54.5279],[13.3075,54.5395],[13.2972,54.5524],[13.3251,54.5687],[13.3444,54.5737],[13.3465,54.5784],[13.3676,54.5793],[13.3707,54.5771],[13.3615,54.5693],[13.354,54.5514],[13.3482,54.5534],[13.3361,54.5485],[13.3614,54.5434],[13.3607,54.5366],[13.3443,54.5247],[13.3457,54.5205],[13.3532,54.5187],[13.3588,54.5231],[13.3747,54.5205],[13.3746,54.525],[13.3877,54.5313],[13.388,54.54],[13.3544,54.5474],[13.3644,54.5573],[13.3762,54.5598],[13.3804,54.5462],[13.3963,54.5378],[13.4146,54.5199],[13.4061,54.5057],[13.4121,54.4941],[13.4417,54.4873],[13.4502,54.4718],[13.469,54.4814],[13.5008,54.4823],[13.5021,54.479],[13.4838,54.4737],[13.4708,54.454],[13.5055,54.4518],[13.5001,54.4445],[13.514,54.4432],[13.5039,54.4344],[13.4827,54.4356],[13.4846,54.4404],[13.4979,54.4465],[13.4835,54.4429],[13.4768,54.4378],[13.4822,54.4383],[13.4753,54.432],[13.4763,54.4246],[13.4949,54.4208],[13.5036,54.4257],[13.5108,54.4184],[13.528,54.42],[13.5338,54.4163],[13.5413,54.4193],[13.5422,54.4277],[13.52,54.4296],[13.5201,54.4339],[13.545,54.4339],[13.5572,54.4385],[13.552,54.4467],[13.531,54.4451],[13.524,54.448],[13.5463,54.4561],[13.5481,54.4749],[13.5267,54.4803],[13.509,54.48],[13.5083,54.477],[13.5033,54.4793],[13.5046,54.4852],[13.5001,54.4926],[13.5094,54.5087],[13.5141,54.5103],[13.5128,54.5206],[13.508,54.5243],[13.5136,54.5251],[13.508,54.5252],[13.5108,54.5288],[13.5141,54.5276],[13.5022,54.5483],[13.495,54.5496],[13.4931,54.5532],[13.4971,54.5541],[13.4912,54.5585],[13.4953,54.5611],[13.5103,54.5578],[13.5133,54.5611],[13.5111,54.5661],[13.4849,54.5587],[13.4904,54.5508],[13.4839,54.554],[13.4461,54.5516],[13.4248,54.5689],[13.3964,54.5726],[13.3853,54.5807],[13.3843,54.5957],[13.3681,54.6147],[13.354,54.6115],[13.3482,54.6009],[13.3276,54.5934],[13.3349,54.5851],[13.3324,54.5819],[13.315,54.5793],[13.3065,54.5732],[13.2875,54.5702],[13.2778,54.5644],[13.2439,54.559],[13.2585,54.5923],[13.2804,54.6132],[13.2875,54.6253],[13.2881,54.6373],[13.283,54.6456],[13.2643,54.6433],[13.2271,54.6252],[13.2302,54.6091],[13.2379,54.5969],[13.2379,54.5942],[13.2359,54.5972],[13.2299,54.5959],[13.2284,54.5874],[13.2141,54.5855],[13.1948,54.5722],[13.1841,54.5699],[13.1772,54.5614],[13.1756,54.5655],[13.1759,54.5609],[13.1609,54.5591],[13.166,54.5729],[13.1957,54.5826],[13.2163,54.5972],[13.2257,54.6123],[13.2182,54.6358],[13.2199,54.6408],[13.2506,54.6605],[13.2876,54.6738],[13.3361,54.6754],[13.3783,54.684],[13.4304,54.6843]]],[[[12.53,54.4869],[12.5184,54.4846],[12.5301,54.4821],[12.5255,54.4795],[12.5271,54.4732],[12.5231,54.4718],[12.5434,54.4597],[12.5609,54.4547],[12.6786,54.4421],[12.8539,54.4405],[12.921,54.4451],[12.9154,54.4388],[12.927,54.428],[12.9115,54.42],[12.8749,54.4137],[12.8575,54.4208],[12.8319,54.4231],[12.813,54.4176],[12.8018,54.4087],[12.786,54.4174],[12.7706,54.4172],[12.7632,54.4125],[12.7405,54.4151],[12.721,54.4324],[12.7115,54.4282],[12.6932,54.4323],[12.6696,54.4217],[12.6664,54.4086],[12.6531,54.4105],[12.6381,54.4255],[12.6172,54.418],[12.6179,54.415],[12.6107,54.4106],[12.6175,54.4073],[12.5937,54.4087],[12.5772,54.404],[12.5773,54.3965],[12.5978,54.3916],[12.5923,54.3836],[12.5871,54.3895],[12.5497,54.3897],[12.5258,54.3807],[12.5177,54.3727],[12.4956,54.3824],[12.4361,54.3791],[12.4185,54.3722],[12.4147,54.3655],[12.4214,54.344],[12.4163,54.3355],[12.4059,54.3372],[12.3988,54.3445],[12.3845,54.3406],[12.3967,54.3324],[12.396,54.3235],[12.3827,54.3101],[12.365,54.3103],[12.3583,54.3027],[12.367,54.2885],[12.3825,54.2781],[12.3636,54.2658],[12.4193,54.2462],[12.4597,54.248],[12.45,54.2545],[12.4177,54.2587],[12.4096,54.2682],[12.4094,54.28],[12.4194,54.2902],[12.4346,54.2966],[12.4787,54.3039],[12.4765,54.3077],[12.4796,54.3123],[12.4716,54.3222],[12.4731,54.3296],[12.5149,54.3355],[12.5263,54.3339],[12.5357,54.3384],[12.5399,54.3435],[12.5355,54.345],[12.5389,54.3525],[12.5533,54.3564],[12.5526,54.3596],[12.5343,54.3652],[12.5547,54.3725],[12.5538,54.3796],[12.5676,54.3713],[12.5817,54.3734],[12.5747,54.3586],[12.5858,54.3562],[12.5988,54.3618],[12.6007,54.3692],[12.5971,54.3719],[12.6215,54.372],[12.6714,54.3909],[12.6714,54.3952],[12.6602,54.3986],[12.6623,54.4024],[12.6591,54.4045],[12.7075,54.4119],[12.7146,54.404],[12.6888,54.4003],[12.6856,54.3937],[12.6935,54.3861],[12.6816,54.3809],[12.6764,54.3706],[12.6884,54.3681],[12.6826,54.3744],[12.6965,54.3851],[12.7001,54.3985],[12.7148,54.399],[12.7136,54.3866],[12.7195,54.3719],[12.7372,54.3696],[12.7354,54.3726],[12.741,54.3729],[12.7441,54.3841],[12.7545,54.371],[12.7689,54.3716],[12.7748,54.3888],[12.7858,54.3966],[12.785,54.3795],[12.7957,54.3778],[12.804,54.3704],[12.8097,54.3436],[12.8175,54.351],[12.8463,54.3511],[12.8655,54.3623],[12.8781,54.365],[12.8834,54.3696],[12.8853,54.3845],[12.8962,54.3937],[12.8977,54.4017],[12.9264,54.414],[12.9538,54.4166],[12.9589,54.4231],[12.9895,54.4259],[12.9976,54.4301],[12.9995,54.436],[13.0158,54.4394],[13.0343,54.4317],[13.0341,54.4242],[13.0248,54.4221],[13.0202,54.4124],[13.0257,54.3965],[13.0485,54.3801],[13.0729,54.3831],[13.0826,54.3794],[13.0922,54.369],[13.0937,54.3644],[13.0852,54.3599],[13.0758,54.3458],[13.0875,54.3201],[13.0992,54.3176],[13.112,54.3057],[13.1041,54.2925],[13.1036,54.2834],[13.1328,54.269],[13.1532,54.2687],[13.1666,54.2789],[13.1779,54.2708],[13.1766,54.2665],[13.1615,54.2679],[13.1478,54.2612],[13.1419,54.2574],[13.1439,54.2532],[13.162,54.2598],[13.1672,54.2662],[13.1727,54.2631],[13.1863,54.2662],[13.1902,54.2589],[13.2023,54.2574],[13.2162,54.2498],[13.2105,54.2449],[13.2157,54.2412],[13.2608,54.241],[13.2912,54.234],[13.3063,54.2043],[13.3266,54.1838],[13.3475,54.1801],[13.3367,54.177],[13.3407,54.1738],[13.3353,54.174],[13.3164,54.1601],[13.3373,54.1675],[13.347,54.1653],[13.379,54.1771],[13.4061,54.1692],[13.4078,54.1626],[13.3803,54.1521],[13.3835,54.1429],[13.3989,54.1461],[13.4111,54.156],[13.4067,54.147],[13.4302,54.1355],[13.4401,54.1228],[13.4392,54.1123],[13.4481,54.1018],[13.4579,54.0973],[13.456,54.0921],[13.4615,54.0891],[13.4894,54.0838],[13.5011,54.0852],[13.4763,54.1176],[13.4926,54.1252],[13.6081,54.137],[13.6279,54.1409],[13.6489,54.1519],[13.6593,54.1451],[13.6616,54.1463],[13.6493,54.153],[13.6958,54.1718],[13.7118,54.1688],[13.7183,54.1632],[13.6956,54.1579],[13.6974,54.1489],[13.7187,54.1446],[13.7336,54.1349],[13.7315,54.1366],[13.7491,54.1398],[13.7516,54.1348],[13.7473,54.1346],[13.7625,54.1279],[13.7534,54.123],[13.7546,54.1201],[13.7658,54.1192],[13.7769,54.1091],[13.7966,54.1055],[13.8038,54.098],[13.7934,54.0855],[13.7953,54.0776],[13.7898,54.0717],[13.7902,54.0644],[13.785,54.0656],[13.7738,54.0598],[13.7854,54.0509],[13.7826,54.0475],[13.7627,54.0362],[13.7443,54.0326],[13.7435,54.0288],[13.7579,54.028],[13.7604,54.0154],[13.7955,53.9958],[13.8109,53.9953],[13.8338,53.9844],[13.8535,53.9652],[13.8526,53.9528],[13.8813,53.9498],[13.8846,53.9444],[13.8942,53.9427],[13.9141,53.9219],[13.9018,53.9103],[13.8874,53.9102],[13.8648,53.9005],[13.8513,53.8883],[13.8472,53.878],[13.8249,53.8772],[13.822,53.8719],[13.8247,53.8647],[13.8064,53.8595],[13.81,53.858],[13.8082,53.8548],[13.8159,53.8533],[13.8144,53.846],[13.8217,53.847],[13.8157,53.8437],[13.8489,53.8433],[13.8678,53.8354],[13.8744,53.8201],[13.8823,53.818],[13.8988,53.8036],[13.9079,53.8021],[13.9159,53.8064],[13.9222,53.7977],[13.9334,53.7972],[13.9369,53.7911],[13.9688,53.7725],[14.0061,53.7669],[14.0491,53.7528],[14.0598,53.7553],[14.0788,53.7461],[14.0981,53.7442],[14.1017,53.74],[14.1244,53.7372],[14.166,53.742],[14.1742,53.7355],[14.1812,53.7352],[14.2331,53.7617],[14.2531,53.7571],[14.2659,53.7491],[14.2717,53.7393],[14.2658,53.7355],[14.2657,53.7303],[14.2512,53.7195],[14.2186,53.709],[14.2148,53.7031],[14.2224,53.6982],[14.2465,53.6936],[14.2673,53.6985],[14.2725,53.6894],[14.2837,53.6825],[14.2811,53.673],[14.2708,53.6666],[14.2846,53.6588],[14.2838,53.6344],[14.3169,53.6181],[14.3118,53.5794],[14.314,53.5652],[14.3026,53.5534],[14.3073,53.5513],[14.3058,53.5439],[14.3159,53.5369],[14.3194,53.5298],[14.3157,53.5251],[14.3269,53.5038],[14.3506,53.496],[14.358,53.4573],[14.3713,53.4564],[14.3686,53.4326],[14.3733,53.409],[14.3948,53.3757],[14.3903,53.3537],[14.4055,53.3471],[14.4124,53.3296],[14.3954,53.3289],[14.3815,53.3239],[14.3766,53.3163],[14.3616,53.3176],[14.3502,53.3138],[14.3487,53.31],[14.3166,53.3123],[14.3019,53.2862],[14.2622,53.2766],[14.266,53.2596],[14.2111,53.2548],[14.2002,53.2618],[14.176,53.2621],[14.1602,53.2678],[14.1248,53.2602],[14.0988,53.2617],[14.1097,53.2826],[14.184,53.3276],[14.2234,53.3586],[14.2425,53.3893],[14.2433,53.3988],[14.2374,53.4147],[14.2418,53.4224],[14.2374,53.4277],[14.2247,53.4342],[14.2059,53.423],[14.177,53.4229],[14.1368,53.441],[14.1218,53.4417],[14.1054,53.4224],[14.0939,53.4221],[14.0823,53.4156],[14.0822,53.4109],[14.0712,53.415],[14.0506,53.414],[14.0456,53.4294],[14.0066,53.4304],[14.0012,53.435],[13.9465,53.4308],[13.9181,53.4218],[13.9029,53.432],[13.9114,53.4365],[13.9063,53.4439],[13.9175,53.4465],[13.9182,53.456],[13.8756,53.4735],[13.8846,53.4853],[13.8739,53.4906],[13.8793,53.5041],[13.8484,53.5143],[13.8217,53.5181],[13.8239,53.5211],[13.7985,53.5457],[13.8006,53.5583],[13.7913,53.5586],[13.7842,53.5518],[13.7764,53.5313],[13.7803,53.5236],[13.7777,53.5137],[13.7925,53.5109],[13.801,53.4981],[13.809,53.5018],[13.8271,53.4987],[13.8121,53.4839],[13.802,53.478],[13.7789,53.4742],[13.753,53.4783],[13.7414,53.4858],[13.7358,53.4814],[13.7154,53.4823],[13.703,53.4736],[13.6632,53.4581],[13.6543,53.4514],[13.6513,53.4437],[13.6405,53.4472],[13.6339,53.4399],[13.6389,53.4381],[13.6373,53.4326],[13.6288,53.432],[13.636,53.4235],[13.6252,53.4093],[13.6105,53.4138],[13.5935,53.4078],[13.5736,53.4081],[13.5641,53.4008],[13.5501,53.3991],[13.5462,53.3942],[13.5566,53.3916],[13.5502,53.3809],[13.5568,53.3796],[13.5564,53.3761],[13.5474,53.3719],[13.5434,53.364],[13.526,53.3663],[13.5169,53.3521],[13.5253,53.351],[13.5248,53.3431],[13.5196,53.338],[13.523,53.3347],[13.5235,53.3201],[13.5101,53.3174],[13.5028,53.3273],[13.5073,53.3162],[13.4964,53.3066],[13.4973,53.3022],[13.4831,53.2912],[13.4613,53.2887],[13.4562,53.298],[13.4382,53.2997],[13.4349,53.2947],[13.4387,53.292],[13.4341,53.2899],[13.4424,53.2865],[13.4315,53.2846],[13.4209,53.2696],[13.4077,53.2626],[13.4052,53.2464],[13.3865,53.2441],[13.3861,53.2505],[13.3706,53.2618],[13.3686,53.271],[13.3605,53.278],[13.3371,53.2734],[13.2978,53.2809],[13.2844,53.2757],[13.2753,53.2651],[13.2527,53.2623],[13.2437,53.2481],[13.2512,53.2474],[13.2397,53.2389],[13.239,53.2258],[13.2294,53.2166],[13.2027,53.2221],[13.1819,53.2507],[13.1526,53.246],[13.1522,53.2511],[13.1374,53.2446],[13.133,53.2373],[13.1099,53.2402],[13.1033,53.2355],[13.1083,53.2255],[13.1066,53.2152],[13.0873,53.2154],[13.0784,53.2047],[13.079,53.2],[13.0691,53.2036],[13.0424,53.1965],[13.0289,53.186],[13.0187,53.1852],[13.02,53.1757],[13.0091,53.1729],[13.0046,53.1669],[12.9915,53.1686],[12.9805,53.1625],[12.9685,53.1664],[12.9615,53.1777],[12.9473,53.1725],[12.942,53.1743],[12.9794,53.1906],[12.9769,53.1974],[12.9642,53.2004],[12.9371,53.1943],[12.9439,53.1909],[12.9424,53.1859],[12.92,53.1864],[12.9304,53.1935],[12.9128,53.1952],[12.892,53.188],[12.8895,53.1804],[12.8801,53.1797],[12.8584,53.1885],[12.846,53.2014],[12.8214,53.1935],[12.8172,53.1961],[12.8149,53.192],[12.8104,53.1977],[12.7849,53.1878],[12.7644,53.1889],[12.7591,53.195],[12.7395,53.1996],[12.7495,53.2063],[12.7574,53.2244],[12.7227,53.2217],[12.6712,53.2295],[12.664,53.235],[12.6694,53.2371],[12.6662,53.2416],[12.6757,53.2477],[12.6549,53.2553],[12.6284,53.2546],[12.606,53.2444],[12.5298,53.2648],[12.5024,53.2622],[12.5028,53.2578],[12.4976,53.2552],[12.4671,53.2562],[12.4453,53.2499],[12.4316,53.2626],[12.4321,53.2708],[12.428,53.275],[12.4004,53.2792],[12.3918,53.2851],[12.3982,53.2947],[12.3942,53.3018],[12.3633,53.3067],[12.343,53.3159],[12.311,53.3232],[12.3108,53.3272],[12.2913,53.3287],[12.2602,53.3239],[12.2575,53.325],[12.26,53.3277],[12.2453,53.333],[12.2364,53.342],[12.2294,53.3582],[12.2122,53.3532],[12.1911,53.354],[12.1862,53.3507],[12.1868,53.3433],[12.1686,53.3391],[12.1565,53.3497],[12.152,53.3615],[12.1394,53.3614],[12.1347,53.3486],[12.1085,53.3499],[12.1092,53.3438],[12.0921,53.3449],[12.0821,53.3463],[12.0775,53.3694],[12.0453,53.371],[12.0514,53.3669],[12.0472,53.361],[12.0515,53.3602],[12.0564,53.3497],[12.0146,53.3344],[12.0221,53.3213],[12.0185,53.3154],[12.0236,53.3041],[12.0185,53.2996],[12.0028,53.2996],[11.9971,53.2939],[11.9877,53.2957],[11.9865,53.2998],[11.9739,53.2992],[11.9716,53.2921],[11.9542,53.2738],[11.9184,53.2733],[11.8926,53.279],[11.8899,53.2691],[11.8669,53.2566],[11.8617,53.2482],[11.7961,53.2533],[11.8296,53.2365],[11.833,53.232],[11.8289,53.2287],[11.7691,53.2275],[11.7405,53.2182],[11.7293,53.2172],[11.7275,53.2317],[11.7146,53.2305],[11.7,53.244],[11.667,53.2442],[11.6402,53.2386],[11.6259,53.2414],[11.6168,53.2306],[11.599,53.225],[11.589,53.2158],[11.5516,53.2084],[11.5606,53.2027],[11.5567,53.1942],[11.5578,53.1849],[11.5671,53.1825],[11.5626,53.1758],[11.5695,53.1666],[11.5559,53.1541],[11.5565,53.1504],[11.5501,53.1511],[11.556,53.1388],[11.5469,53.1347],[11.5485,53.1308],[11.5364,53.1292],[11.5346,53.1253],[11.51,53.1255],[11.5022,53.1214],[11.5005,53.1264],[11.4734,53.1273],[11.4737,53.1346],[11.4608,53.1402],[11.4387,53.1367],[11.4218,53.1409],[11.4139,53.1367],[11.3956,53.14],[11.3918,53.1297],[11.4006,53.1158],[11.3938,53.1103],[11.3709,53.1116],[11.3607,53.1162],[11.3366,53.1137],[11.3172,53.12],[11.3102,53.1162],[11.2904,53.1169],[11.283,53.1214],[11.2657,53.122],[11.2428,53.1379],[11.2234,53.1438],[11.2118,53.144],[11.192,53.1348],[11.1846,53.1364],[11.1719,53.1566],[11.1891,53.1656],[11.1953,53.1767],[11.1941,53.1812],[11.1799,53.1867],[11.1367,53.1918],[11.145,53.1978],[11.1365,53.1994],[11.1385,53.2025],[11.1155,53.2045],[11.0801,53.2205],[11.0627,53.235],[11.0272,53.2793],[11.009,53.2821],[11.0084,53.2918],[11.003,53.2936],[11.0087,53.3006],[11.0023,53.3052],[10.9991,53.321],[10.9827,53.3275],[10.988,53.3334],[10.9594,53.3385],[10.9555,53.3335],[10.9349,53.3388],[10.9282,53.3481],[10.9194,53.3484],[10.9097,53.3377],[10.8992,53.3342],[10.8803,53.3355],[10.8806,53.3302],[10.8885,53.3272],[10.888,53.3244],[10.8805,53.3211],[10.866,53.3269],[10.8712,53.3227],[10.8702,53.3177],[10.8534,53.3159],[10.8508,53.31],[10.8358,53.305],[10.8286,53.3069],[10.8262,53.3124],[10.7941,53.3153],[10.7716,53.3253],[10.7676,53.3305],[10.7597,53.33],[10.7577,53.3326],[10.7631,53.3389],[10.7381,53.3423],[10.7285,53.3567],[10.7007,53.37],[10.6768,53.3675],[10.6307,53.3708],[10.5943,53.365],[10.5991,53.3778],[10.6169,53.3846],[10.6214,53.3983],[10.6186,53.3988],[10.621,53.4041],[10.6167,53.4051],[10.6184,53.4254],[10.6227,53.4259],[10.6214,53.4305],[10.6254,53.4336],[10.6245,53.4391],[10.6293,53.4409],[10.6258,53.4434],[10.6326,53.455],[10.652,53.4615],[10.693,53.4551],[10.7017,53.4783],[10.7207,53.4761],[10.7268,53.4813],[10.756,53.4834],[10.7778,53.4952],[10.7864,53.5105],[10.8106,53.5162],[10.8243,53.5137],[10.8246,53.5179],[10.8145,53.522],[10.8216,53.524],[10.8191,53.5344],[10.832,53.543],[10.8244,53.5563],[10.8268,53.5671],[10.8233,53.5752],[10.8422,53.5748],[10.8501,53.5653],[10.8637,53.5646],[10.8948,53.5724],[10.9095,53.5715],[10.9238,53.5842],[10.9175,53.5993],[10.9223,53.6023],[10.9296,53.6287],[10.9476,53.6424],[10.945,53.6468],[10.9508,53.6458],[10.9549,53.6567],[10.9486,53.6614],[10.9452,53.6591],[10.9386,53.6658],[10.9419,53.6688],[10.9398,53.6731],[10.9443,53.6742],[10.9418,53.6845],[10.919,53.6892],[10.9261,53.692],[10.9221,53.6995],[10.9053,53.7033],[10.8864,53.7057],[10.8509,53.7001],[10.8522,53.7058],[10.846,53.7043],[10.8433,53.7079],[10.8247,53.711],[10.8103,53.7206],[10.8059,53.7392],[10.7719,53.7494],[10.758,53.7475],[10.758,53.7636],[10.7703,53.7755],[10.7659,53.7799],[10.7733,53.7924],[10.765,53.8032],[10.7616,53.8226],[10.748,53.834],[10.7494,53.8451],[10.7537,53.8486],[10.7477,53.8515],[10.7595,53.8583],[10.7711,53.8732],[10.8016,53.8768],[10.8073,53.8861],[10.8189,53.8935],[10.8472,53.8969],[10.8483,53.9051],[10.8555,53.9048],[10.8747,53.9145],[10.8826,53.9245],[10.9113,53.9152],[10.9021,53.9063],[10.911,53.898],[10.9368,53.9006],[10.959,53.9103],[10.9681,53.9083],[10.9633,53.9137],[10.9494,53.9129],[10.9393,53.9193],[10.8951,53.9245],[10.8964,53.936],[10.9095,53.9463],[10.9037,53.9568],[10.9335,53.9649],[10.983,53.9881],[11.0474,54.0077],[11.0896,54.0137],[11.1445,54.0096],[11.18,54.0152],[11.1906,54.0102],[11.1932,54.0004],[11.2072,53.9884],[11.2281,53.9825],[11.2412,53.9824],[11.2532,53.9877],[11.2597,53.9835],[11.2532,53.9737],[11.2459,53.9732],[11.2415,53.9541],[11.2442,53.9447],[11.2539,53.9371],[11.2699,53.9318],[11.2882,53.9314],[11.316,53.9428],[11.3264,53.9569],[11.3345,53.959],[11.3495,53.9438],[11.365,53.9351],[11.3886,53.9391],[11.4068,53.9352],[11.4012,53.9273],[11.4036,53.9215],[11.4351,53.9102],[11.4357,53.9003],[11.4526,53.8993],[11.4555,53.9031],[11.4473,53.9049],[11.4454,53.9121],[11.4589,53.917],[11.4729,53.9283],[11.4782,53.9256],[11.482,53.9283],[11.4778,53.935],[11.4833,53.9674],[11.4781,53.969],[11.4795,53.9645],[11.4717,53.9632],[11.4728,53.9708],[11.4881,53.9755],[11.4879,53.9682],[11.4939,53.9708],[11.4913,53.9774],[11.4998,53.986],[11.4905,53.9938],[11.4969,53.9952],[11.5089,54.0114],[11.5345,54.0205],[11.5298,54.0271],[11.5174,54.026],[11.5185,54.0303],[11.5291,54.0338],[11.5345,54.0272],[11.5462,54.0249],[11.5729,54.0331],[11.5872,54.0473],[11.5823,54.0634],[11.6109,54.0683],[11.6138,54.0732],[11.6245,54.0768],[11.6265,54.0896],[11.6137,54.1025],[11.6063,54.1035],[11.5998,54.0996],[11.6023,54.0958],[11.5875,54.0931],[11.5768,54.0808],[11.5635,54.0782],[11.5691,54.0787],[11.5483,54.0664],[11.5387,54.0575],[11.5427,54.0555],[11.5325,54.0491],[11.5311,54.0524],[11.537,54.0573],[11.5353,54.0728],[11.532,54.0752],[11.5256,54.0682],[11.5258,54.072],[11.5557,54.0943],[11.5893,54.0995],[11.6146,54.11],[11.6829,54.1533],[11.7614,54.1545],[11.7976,54.1468],[11.8514,54.1451],[12.0114,54.1783],[12.06,54.1779],[12.0868,54.1851],[12.0963,54.1703],[12.091,54.1509],[12.0803,54.1435],[12.0849,54.1433],[12.0909,54.133],[12.0859,54.1239],[12.0907,54.1109],[12.1121,54.0944],[12.1514,54.0943],[12.1514,54.0851],[12.1536,54.0969],[12.1172,54.0976],[12.1016,54.1097],[12.0977,54.1207],[12.1005,54.125],[12.0964,54.1366],[12.097,54.1519],[12.1102,54.1593],[12.1427,54.1598],[12.1368,54.1628],[12.1432,54.1742],[12.1294,54.1738],[12.1231,54.1777],[12.108,54.1751],[12.1073,54.1709],[12.101,54.1693],[12.0953,54.1813],[12.1082,54.1784],[12.1282,54.1864],[12.1532,54.2056],[12.1737,54.2281],[12.1946,54.2419],[12.3065,54.2822],[12.3363,54.2972],[12.3646,54.3245],[12.4059,54.3769],[12.4363,54.3917],[12.4631,54.4163],[12.5021,54.4762],[12.5159,54.4851],[12.53,54.4869]]]]}},{"type":"Feature","properties":{"id":"14","ars":"14","gen":"Sachsen"},"geometry":{"type":"MultiPolygon","coordinates":[[[[13.051,51.6477],[13.0863,51.6081],[13.0938,51.6059],[13.1049,51.6097],[13.0971,51.6163],[13.104,51.6165],[13.1067,51.6116],[13.121,51.6189],[13.1438,51.5979],[13.155,51.6002],[13.1618,51.5921],[13.1549,51.5894],[13.1532,51.5824],[13.141,51.5712],[13.1432,51.5675],[13.1467,51.5635],[13.1586,51.5643],[13.1608,51.559],[13.1856,51.5581],[13.1907,51.5386],[13.2005,51.526],[13.208,51.5244],[13.207,51.5049],[13.202,51.5041],[13.2039,51.4988],[13.1969,51.4942],[13.2013,51.4917],[13.1921,51.488],[13.1823,51.492],[13.187,51.4868],[13.1829,51.4713],[13.2031,51.4587],[13.2031,51.451],[13.1918,51.4369],[13.1848,51.4385],[13.1751,51.4328],[13.1743,51.4283],[13.1846,51.4238],[13.1894,51.4343],[13.1998,51.4332],[13.204,51.4264],[13.2022,51.4164],[13.215,51.396],[13.2507,51.3941],[13.2685,51.3848],[13.27,51.3905],[13.2591,51.3953],[13.26,51.4004],[13.2864,51.3993],[13.2867,51.4114],[13.3283,51.4266],[13.3203,51.4375],[13.3334,51.4374],[13.3379,51.4292],[13.3583,51.434],[13.3766,51.4246],[13.3831,51.4281],[13.3729,51.4378],[13.3821,51.436],[13.3876,51.4411],[13.3882,51.4478],[13.4011,51.4542],[13.4093,51.4498],[13.4056,51.4459],[13.4122,51.4394],[13.4197,51.4388],[13.4281,51.4312],[13.4214,51.4215],[13.4285,51.4218],[13.4334,51.4276],[13.4461,51.426],[13.4459,51.4314],[13.4503,51.4228],[13.4606,51.4222],[13.4633,51.4263],[13.4738,51.4179],[13.4655,51.4218],[13.4633,51.4118],[13.4914,51.4077],[13.4944,51.4029],[13.5212,51.4021],[13.5231,51.381],[13.5378,51.381],[13.5426,51.3693],[13.5461,51.3692],[13.5508,51.3793],[13.57,51.3857],[13.5899,51.3842],[13.5876,51.3818],[13.5913,51.3751],[13.5958,51.3745],[13.5941,51.3694],[13.6615,51.369],[13.6684,51.3761],[13.6828,51.3676],[13.6913,51.374],[13.7134,51.3635],[13.7391,51.3612],[13.7532,51.3659],[13.7577,51.3715],[13.7666,51.3707],[13.769,51.3694],[13.7627,51.3654],[13.7633,51.359],[13.7677,51.363],[13.7765,51.362],[13.7806,51.3688],[13.7879,51.3709],[13.8079,51.3729],[13.819,51.3695],[13.8353,51.3768],[13.8332,51.3838],[13.8632,51.3818],[13.8683,51.3769],[13.8822,51.375],[13.9087,51.3786],[13.9082,51.3832],[13.939,51.3891],[13.9562,51.3971],[13.9723,51.3938],[13.9702,51.3758],[14.0007,51.3726],[13.9963,51.3826],[14.0083,51.392],[14.0036,51.3956],[14.0133,51.3983],[14.0281,51.3959],[14.0258,51.4006],[14.017,51.4005],[14.0159,51.4051],[14.0446,51.4188],[14.0382,51.4284],[14.0462,51.4291],[14.0382,51.4356],[14.0628,51.4455],[14.0526,51.4525],[14.0553,51.4609],[14.033,51.4751],[14.0387,51.4799],[14.0726,51.4721],[14.0873,51.4774],[14.0738,51.4927],[14.0957,51.4987],[14.1006,51.5142],[14.1078,51.5218],[14.1424,51.5228],[14.1297,51.5339],[14.1367,51.5433],[14.213,51.5398],[14.2289,51.5328],[14.2421,51.5331],[14.2453,51.5312],[14.2425,51.5288],[14.247,51.5278],[14.2558,51.5323],[14.274,51.5321],[14.3229,51.5194],[14.3274,51.5074],[14.3324,51.505],[14.3421,51.5108],[14.3436,51.5171],[14.3399,51.5208],[14.3537,51.5208],[14.3759,51.5331],[14.3867,51.534],[14.3872,51.5418],[14.4094,51.5372],[14.4413,51.5446],[14.4478,51.5421],[14.4467,51.5527],[14.4541,51.5564],[14.4999,51.5594],[14.5155,51.5542],[14.5452,51.5618],[14.5444,51.5736],[14.5606,51.5735],[14.5696,51.5812],[14.5805,51.5804],[14.5831,51.5746],[14.599,51.5717],[14.6064,51.5572],[14.6037,51.5551],[14.6099,51.5501],[14.664,51.5545],[14.674,51.5506],[14.6911,51.5628],[14.6958,51.5746],[14.6928,51.5763],[14.7065,51.5765],[14.6966,51.5967],[14.7076,51.5973],[14.7299,51.5818],[14.7272,51.5754],[14.7112,51.5627],[14.7164,51.5552],[14.7293,51.5497],[14.7314,51.5444],[14.7263,51.539],[14.7358,51.526],[14.7602,51.5234],[14.7653,51.519],[14.796,51.5179],[14.8054,51.5142],[14.8118,51.5061],[14.8324,51.5038],[14.8516,51.4896],[14.8645,51.4905],[14.8716,51.4847],[14.8875,51.4879],[14.8978,51.4821],[14.9158,51.4838],[14.9247,51.4804],[14.9261,51.4735],[14.947,51.4721],[14.9525,51.4684],[14.9559,51.4585],[14.9742,51.4417],[14.9701,51.4322],[14.9633,51.4342],[14.9586,51.4312],[14.9661,51.4268],[14.9671,51.4173],[14.9587,51.4098],[14.9689,51.3977],[14.9583,51.3953],[14.9659,51.3914],[14.9693,51.3791],[14.9837,51.3735],[14.9772,51.3655],[14.9652,51.3611],[14.9762,51.3569],[14.9778,51.3417],[14.9861,51.3293],[14.9935,51.3283],[14.9931,51.323],[15.0092,51.3163],[15.0066,51.3118],[15.0126,51.3086],[15.012,51.3013],[15.0229,51.3002],[15.0335,51.2939],[15.0344,51.2774],[15.0418,51.2726],[15.0368,51.2705],[15.0378,51.258],[15.0234,51.2503],[15.0295,51.2514],[15.0377,51.2446],[15.0283,51.2416],[15.0289,51.2375],[15.0235,51.2352],[15.0255,51.2317],[15.0162,51.2276],[15.0169,51.2149],[15.0098,51.2135],[15.0131,51.2089],[15.0077,51.1998],[15.0143,51.1961],[15.0047,51.1909],[15.0088,51.1823],[15.0015,51.1724],[15.005,51.1677],[14.9932,51.1625],[15.0007,51.1495],[14.9904,51.1422],[14.9954,51.1369],[14.9949,51.1239],[14.9978,51.1224],[14.9809,51.1161],[14.9783,51.1079],[14.984,51.1023],[14.9802,51.096],[14.984,51.0908],[14.9763,51.087],[14.9793,51.0771],[14.9677,51.071],[14.9713,51.0661],[14.963,51.0579],[14.9647,51.0504],[14.949,51.0428],[14.9516,51.0373],[14.9464,51.0312],[14.9491,51.0306],[14.9352,51.0202],[14.9393,51.017],[14.9382,51.0122],[14.929,50.998],[14.9172,50.9952],[14.9194,50.9753],[14.9031,50.9717],[14.8996,50.9633],[14.9039,50.9612],[14.8976,50.9594],[14.893,50.9498],[14.8966,50.9406],[14.8908,50.9352],[14.8769,50.9324],[14.8681,50.9179],[14.8516,50.9106],[14.8434,50.9007],[14.8204,50.8863],[14.8174,50.8796],[14.8247,50.867],[14.8077,50.8464],[14.8018,50.8249],[14.7939,50.8201],[14.7905,50.8241],[14.7664,50.8193],[14.7587,50.8247],[14.7499,50.8243],[14.745,50.8295],[14.7223,50.8221],[14.7165,50.8239],[14.7201,50.8323],[14.7087,50.8409],[14.6902,50.838],[14.6648,50.8494],[14.6471,50.8489],[14.6189,50.8577],[14.6187,50.8646],[14.6243,50.8687],[14.6362,50.8974],[14.6529,50.9055],[14.6502,50.9315],[14.5832,50.9143],[14.5648,50.9184],[14.5607,50.9254],[14.5807,50.9419],[14.5961,50.9628],[14.5922,50.9668],[14.5967,50.9689],[14.6007,50.9795],[14.5992,50.9871],[14.5813,50.9935],[14.5787,51.0003],[14.5645,51.0101],[14.5347,51.0037],[14.5351,51.0089],[14.5399,51.0104],[14.5321,51.0165],[14.4986,51.0221],[14.5082,51.0432],[14.4998,51.0465],[14.4912,51.0435],[14.4927,51.0234],[14.4744,51.0255],[14.4753,51.0295],[14.4655,51.0353],[14.4538,51.0359],[14.4218,51.0196],[14.4084,51.0188],[14.3848,51.027],[14.3826,51.0386],[14.374,51.0386],[14.362,51.0454],[14.3366,51.039],[14.3174,51.0552],[14.3019,51.055],[14.2884,51.0391],[14.2738,51.0398],[14.2853,51.0322],[14.2863,51.027],[14.2777,51.0188],[14.2802,51.0141],[14.2606,51.0088],[14.2688,51],[14.2585,50.9921],[14.2586,50.9875],[14.2858,50.977],[14.3236,50.9854],[14.3297,50.9822],[14.3264,50.9799],[14.3284,50.9735],[14.313,50.9723],[14.3026,50.9653],[14.3169,50.9607],[14.3117,50.9538],[14.3458,50.9486],[14.3732,50.9382],[14.3873,50.9418],[14.3967,50.9365],[14.401,50.9333],[14.4021,50.9241],[14.3856,50.9165],[14.3876,50.8991],[14.3741,50.8962],[14.3493,50.9007],[14.3482,50.8926],[14.3031,50.8839],[14.2675,50.8953],[14.2523,50.8879],[14.2332,50.8875],[14.236,50.8764],[14.2233,50.8592],[14.2165,50.8602],[14.201,50.8513],[14.1615,50.8475],[14.1329,50.834],[14.0906,50.8262],[14.079,50.8187],[14.0784,50.8124],[14.0411,50.8108],[14.0294,50.8043],[14.0175,50.8109],[14.0035,50.8103],[14.0034,50.8144],[13.9903,50.82],[13.9538,50.8073],[13.9558,50.8006],[13.9392,50.79],[13.9184,50.7891],[13.9011,50.7934],[13.8964,50.7887],[13.8999,50.7848],[13.8875,50.7705],[13.8901,50.7624],[13.9028,50.7529],[13.8982,50.7445],[13.8802,50.7378],[13.8618,50.7429],[13.8616,50.7353],[13.8552,50.7271],[13.8271,50.7242],[13.8073,50.7333],[13.7583,50.7358],[13.7404,50.7272],[13.7282,50.7337],[13.7082,50.7253],[13.7124,50.7197],[13.7065,50.7169],[13.688,50.7196],[13.6654,50.732],[13.6419,50.7291],[13.625,50.7228],[13.6269,50.7159],[13.6023,50.7101],[13.5585,50.7147],[13.5268,50.705],[13.5275,50.699],[13.5404,50.6898],[13.5444,50.6774],[13.5385,50.6729],[13.5402,50.668],[13.5306,50.6682],[13.5128,50.6537],[13.517,50.6484],[13.5261,50.6494],[13.5242,50.6393],[13.497,50.6314],[13.4942,50.6245],[13.4775,50.6154],[13.4648,50.6019],[13.4411,50.6111],[13.4296,50.6105],[13.4255,50.6164],[13.4153,50.6163],[13.4054,50.6346],[13.3927,50.6417],[13.3921,50.6463],[13.3824,50.645],[13.371,50.6505],[13.3777,50.6277],[13.3699,50.6246],[13.3667,50.6184],[13.3374,50.6125],[13.3345,50.6069],[13.3247,50.608],[13.3259,50.6046],[13.3194,50.6022],[13.3237,50.5816],[13.2909,50.575],[13.2788,50.593],[13.2605,50.5922],[13.2551,50.5953],[13.2484,50.5921],[13.2475,50.5871],[13.2336,50.5791],[13.2355,50.5704],[13.2229,50.5629],[13.2291,50.5497],[13.2096,50.5301],[13.2073,50.5216],[13.1947,50.5153],[13.1953,50.5033],[13.1781,50.5029],[13.1541,50.5085],[13.1367,50.5064],[13.1386,50.5118],[13.1327,50.5183],[13.1015,50.5029],[13.083,50.5001],[13.056,50.5013],[13.0428,50.5114],[13.0317,50.5097],[13.0327,50.5016],[13.0225,50.4869],[13.0202,50.4754],[13.0197,50.4607],[13.0239,50.4541],[13.0199,50.4467],[12.996,50.4338],[12.9835,50.4197],[12.9419,50.4115],[12.9405,50.4077],[12.948,50.4043],[12.9373,50.4063],[12.9364,50.4116],[12.9124,50.4237],[12.903,50.4228],[12.8947,50.4298],[12.8194,50.4598],[12.8171,50.4501],[12.8067,50.4439],[12.8106,50.4311],[12.7949,50.4494],[12.7346,50.4322],[12.7298,50.4217],[12.7076,50.4078],[12.7071,50.3973],[12.6731,50.4169],[12.6492,50.4107],[12.617,50.4156],[12.6002,50.4058],[12.5803,50.4072],[12.5584,50.3994],[12.512,50.3973],[12.4865,50.3708],[12.4925,50.3563],[12.4893,50.3498],[12.4816,50.347],[12.4694,50.355],[12.4418,50.3412],[12.4355,50.3332],[12.4371,50.3276],[12.4312,50.3227],[12.4034,50.324],[12.398,50.3212],[12.4008,50.3158],[12.3984,50.3079],[12.403,50.3007],[12.4006,50.2952],[12.3943,50.2896],[12.3709,50.2853],[12.3521,50.2617],[12.3501,50.2535],[12.3593,50.2423],[12.349,50.2365],[12.3311,50.2427],[12.3324,50.2385],[12.3279,50.2347],[12.3327,50.2343],[12.329,50.2253],[12.335,50.2215],[12.3345,50.2169],[12.3265,50.2187],[12.3279,50.2124],[12.3231,50.2075],[12.3382,50.1925],[12.3237,50.1813],[12.3276,50.176],[12.3375,50.1734],[12.3346,50.1717],[12.2898,50.1769],[12.2902,50.1851],[12.2747,50.1967],[12.2885,50.204],[12.2851,50.206],[12.2887,50.2104],[12.2818,50.2082],[12.2829,50.2137],[12.2939,50.2213],[12.2793,50.2225],[12.2863,50.2255],[12.2396,50.2462],[12.2496,50.2543],[12.2475,50.2578],[12.255,50.2512],[12.266,50.2502],[12.266,50.2587],[12.2537,50.2711],[12.247,50.2683],[12.2015,50.2728],[12.2023,50.2878],[12.1956,50.2932],[12.2013,50.309],[12.1868,50.3117],[12.1826,50.3176],[12.1845,50.3223],[12.1476,50.3219],[12.1163,50.3159],[12.1155,50.3205],[12.1065,50.3225],[12.1009,50.318],[12.098,50.323],[12.0903,50.3243],[12.0913,50.3326],[12.0799,50.3268],[12.0642,50.333],[12.0616,50.3289],[12.0559,50.3317],[12.0578,50.3263],[12.0464,50.3312],[12.0469,50.325],[12.0389,50.3366],[12.0418,50.331],[12.0322,50.3301],[12.0309,50.3393],[12.0194,50.3404],[12.0148,50.3476],[11.9984,50.3465],[11.997,50.354],[11.9823,50.3499],[11.976,50.3523],[11.9826,50.3567],[11.9765,50.3619],[11.9848,50.3647],[11.9791,50.3681],[11.9847,50.3754],[11.9786,50.38],[11.9839,50.3887],[11.9747,50.3905],[11.9646,50.3999],[11.9603,50.3954],[11.9494,50.3948],[11.9481,50.4004],[11.9544,50.4071],[11.9442,50.4116],[11.9456,50.4163],[11.9347,50.4237],[11.9298,50.4212],[11.9199,50.4244],[11.9278,50.4325],[11.8996,50.4352],[11.8885,50.4436],[11.8947,50.4441],[11.895,50.4495],[11.9049,50.4544],[11.919,50.4543],[11.9203,50.4601],[11.9277,50.4592],[11.9319,50.4642],[11.9508,50.4541],[11.9428,50.4596],[11.9484,50.4654],[11.9437,50.4644],[11.9411,50.4683],[11.944,50.4711],[11.9377,50.4717],[11.9465,50.4794],[11.9592,50.4787],[11.9647,50.4839],[11.9438,50.5056],[11.9399,50.503],[11.934,50.506],[11.9302,50.5129],[11.931,50.523],[11.9253,50.5263],[11.9189,50.5224],[11.9168,50.5254],[11.9185,50.517],[11.8882,50.5167],[11.8715,50.5398],[11.8852,50.5519],[11.9139,50.5551],[11.9177,50.5607],[11.9205,50.5556],[11.926,50.5568],[11.9231,50.5608],[11.9337,50.5685],[11.9236,50.5857],[11.9497,50.5939],[11.96,50.6045],[11.9677,50.6001],[11.9888,50.6107],[11.9793,50.6214],[11.9987,50.6271],[12.0034,50.6302],[12.0009,50.6332],[12.0104,50.6355],[12.0221,50.6255],[12.0055,50.612],[12.021,50.5986],[12.0313,50.5982],[12.0361,50.5939],[12.0311,50.5842],[12.0356,50.5814],[12.0175,50.5678],[12.031,50.5578],[12.0322,50.555],[12.0283,50.5539],[12.0337,50.5532],[12.0303,50.5494],[12.0412,50.5535],[12.0521,50.551],[12.0727,50.5551],[12.077,50.5593],[12.0747,50.5668],[12.0791,50.5693],[12.0781,50.5766],[12.0836,50.5786],[12.1015,50.5789],[12.1158,50.5669],[12.1228,50.5675],[12.1277,50.5741],[12.156,50.5735],[12.1607,50.5801],[12.1561,50.5856],[12.1352,50.5821],[12.1264,50.584],[12.1312,50.5881],[12.1247,50.5844],[12.1102,50.5887],[12.1149,50.597],[12.1472,50.6061],[12.1452,50.6097],[12.1508,50.6156],[12.1457,50.6214],[12.1499,50.6288],[12.1704,50.6292],[12.1781,50.6186],[12.1747,50.6145],[12.1828,50.6121],[12.1908,50.6144],[12.1921,50.6193],[12.1882,50.6231],[12.1997,50.6329],[12.1982,50.6413],[12.2075,50.6399],[12.2168,50.6315],[12.2264,50.6298],[12.2306,50.6327],[12.2332,50.627],[12.2446,50.6333],[12.2655,50.6308],[12.2643,50.6434],[12.2813,50.6446],[12.2797,50.6478],[12.2989,50.6517],[12.3035,50.6623],[12.3177,50.6634],[12.3142,50.6696],[12.322,50.6814],[12.3189,50.684],[12.2748,50.6861],[12.2628,50.6953],[12.2649,50.7037],[12.2534,50.7157],[12.2734,50.7282],[12.2648,50.7375],[12.2379,50.733],[12.227,50.7382],[12.2302,50.7435],[12.2267,50.7416],[12.2287,50.7575],[12.2407,50.7672],[12.2639,50.7605],[12.284,50.7735],[12.2902,50.7834],[12.2876,50.7896],[12.2532,50.7888],[12.2548,50.7951],[12.2502,50.7991],[12.2535,50.7995],[12.2428,50.8091],[12.2509,50.815],[12.2505,50.8185],[12.2598,50.8115],[12.275,50.8136],[12.2727,50.8164],[12.277,50.8179],[12.2781,50.8096],[12.2861,50.8119],[12.2857,50.8203],[12.2897,50.824],[12.2957,50.8169],[12.3024,50.8172],[12.2959,50.8283],[12.2986,50.8299],[12.3069,50.8188],[12.3476,50.8236],[12.3483,50.8375],[12.3749,50.8488],[12.3741,50.8532],[12.3784,50.8537],[12.377,50.849],[12.4029,50.8492],[12.4073,50.857],[12.413,50.8569],[12.4181,50.8554],[12.4116,50.8474],[12.4202,50.8396],[12.4293,50.8442],[12.4375,50.8424],[12.4425,50.844],[12.4411,50.8494],[12.4482,50.8562],[12.4442,50.8626],[12.4484,50.8674],[12.464,50.8701],[12.4593,50.8804],[12.4822,50.8887],[12.4802,50.8905],[12.4867,50.8939],[12.5111,50.8941],[12.5079,50.9037],[12.5213,50.9076],[12.5253,50.9027],[12.5382,50.9007],[12.5602,50.9061],[12.5734,50.9011],[12.6148,50.9048],[12.6201,50.9094],[12.6401,50.9031],[12.6413,50.9114],[12.6541,50.9191],[12.6529,50.9237],[12.6417,50.9288],[12.6422,50.9332],[12.6376,50.9331],[12.6314,50.9401],[12.6244,50.9397],[12.6301,50.9425],[12.6213,50.9758],[12.6164,50.9853],[12.6073,50.9908],[12.6075,50.9967],[12.581,50.9892],[12.5793,50.9851],[12.5838,50.9818],[12.5558,50.9975],[12.5275,50.9989],[12.5265,51.0015],[12.5402,51.0057],[12.5348,51.0156],[12.5389,51.0243],[12.5189,51.0229],[12.5182,51.0273],[12.5144,51.0269],[12.5163,51.0182],[12.5074,51.0173],[12.5125,51.0264],[12.5029,51.0349],[12.5019,51.0517],[12.5086,51.0531],[12.5015,51.0641],[12.4629,51.0669],[12.4584,51.0846],[12.4531,51.0835],[12.4507,51.0773],[12.421,51.0781],[12.4104,51.0729],[12.393,51.0841],[12.3753,51.0771],[12.361,51.0798],[12.3536,51.0846],[12.3566,51.0943],[12.3316,51.1038],[12.3216,51.0946],[12.3115,51.0937],[12.3048,51.0975],[12.2908,51.091],[12.2786,51.095],[12.2786,51.0993],[12.2531,51.0973],[12.2214,51.1098],[12.2246,51.1193],[12.2206,51.123],[12.2291,51.1202],[12.2416,51.1307],[12.2301,51.1362],[12.1962,51.1419],[12.1972,51.1591],[12.2063,51.1713],[12.2116,51.1724],[12.2085,51.1762],[12.2131,51.1835],[12.1934,51.1853],[12.1748,51.1813],[12.1737,51.1901],[12.1872,51.1915],[12.1856,51.1943],[12.1918,51.1957],[12.1896,51.204],[12.2047,51.2142],[12.1981,51.2167],[12.1921,51.2369],[12.1995,51.2384],[12.1932,51.2414],[12.1894,51.2576],[12.1737,51.2582],[12.1734,51.266],[12.1662,51.2659],[12.1723,51.2857],[12.1689,51.2938],[12.1574,51.2923],[12.1576,51.3021],[12.1477,51.32],[12.1648,51.3208],[12.1668,51.3268],[12.1943,51.3306],[12.1903,51.3514],[12.1955,51.3544],[12.1961,51.3604],[12.1861,51.3621],[12.1856,51.366],[12.1933,51.3703],[12.1818,51.3685],[12.1828,51.3745],[12.1895,51.3755],[12.19,51.3795],[12.1777,51.3752],[12.1747,51.3794],[12.1774,51.3805],[12.1721,51.3842],[12.1848,51.3876],[12.1781,51.3891],[12.1749,51.4003],[12.1778,51.404],[12.1735,51.4103],[12.1832,51.4108],[12.1898,51.4209],[12.1859,51.4208],[12.1825,51.4324],[12.1572,51.4327],[12.1576,51.4443],[12.1542,51.4444],[12.1584,51.446],[12.1583,51.4512],[12.1487,51.4595],[12.1489,51.4631],[12.1755,51.4697],[12.1757,51.4822],[12.2031,51.4851],[12.201,51.4903],[12.207,51.4921],[12.2049,51.4978],[12.2083,51.4981],[12.2079,51.5026],[12.1973,51.5029],[12.1963,51.5067],[12.1904,51.5078],[12.1938,51.5084],[12.1928,51.5313],[12.2019,51.5313],[12.2101,51.5419],[12.2222,51.5444],[12.219,51.5465],[12.2313,51.5473],[12.23,51.5528],[12.236,51.553],[12.2329,51.5611],[12.2432,51.5669],[12.2505,51.5589],[12.2932,51.5606],[12.2972,51.5667],[12.3133,51.5685],[12.3206,51.5747],[12.3194,51.5776],[12.3435,51.5815],[12.3375,51.5864],[12.3677,51.5831],[12.3745,51.5845],[12.3669,51.588],[12.3918,51.5878],[12.4254,51.5821],[12.4273,51.5993],[12.4368,51.5993],[12.4382,51.6025],[12.4333,51.6058],[12.444,51.6099],[12.4613,51.6032],[12.4864,51.6043],[12.4872,51.601],[12.4771,51.5963],[12.482,51.5931],[12.4901,51.5982],[12.4975,51.5966],[12.495,51.6041],[12.5035,51.6045],[12.507,51.6085],[12.5345,51.6061],[12.538,51.6024],[12.5446,51.6037],[12.5417,51.6074],[12.56,51.6085],[12.5628,51.6138],[12.5747,51.6154],[12.5803,51.6261],[12.5913,51.6225],[12.5919,51.6184],[12.6064,51.6268],[12.6292,51.6252],[12.6224,51.6164],[12.6083,51.6106],[12.6491,51.6204],[12.6487,51.6251],[12.6658,51.6316],[12.6665,51.6422],[12.6867,51.662],[12.7174,51.6612],[12.7506,51.6499],[12.7727,51.6475],[12.7925,51.6655],[12.8177,51.6704],[12.8318,51.676],[12.8279,51.6822],[12.8439,51.685],[12.859,51.6762],[12.8568,51.6727],[12.8622,51.6738],[12.8609,51.6647],[12.8665,51.664],[12.8658,51.655],[12.8804,51.6591],[12.8892,51.6669],[12.8952,51.6638],[12.8908,51.654],[12.8975,51.6474],[12.9134,51.6441],[12.9152,51.6485],[12.9281,51.6496],[12.9422,51.638],[12.9524,51.6436],[12.9495,51.6494],[12.9715,51.6502],[12.9668,51.6657],[12.9812,51.6635],[12.977,51.6678],[12.9839,51.6691],[13.0014,51.6676],[13.0053,51.6619],[13.0116,51.6645],[13.0204,51.6541],[13.0179,51.6443],[13.0235,51.6373],[13.051,51.6477]]]]}},{"type":"Feature","properties":{"id":"15","ars":"15","gen":"Sachsen-Anhalt"},"geometry":{"type":"MultiPolygon","coordinates":[[[[11.4468,51.1945],[11.4394,51.1998],[11.4466,51.1989],[11.4468,51.1945]]],[[[11.6263,53.0126],[11.6433,53.0056],[11.6772,53.0081],[11.6841,52.9997],[11.6833,52.9856],[11.6921,52.9784],[11.7026,52.9778],[11.732,52.9886],[11.7421,52.9888],[11.7642,52.9814],[11.7863,52.961],[11.8421,52.9537],[11.849,52.9485],[11.8492,52.9434],[11.8252,52.9266],[11.8227,52.9205],[11.826,52.9147],[11.8393,52.9093],[11.8734,52.9084],[11.8973,52.8934],[11.9323,52.8916],[11.949,52.8877],[11.9594,52.8799],[11.9816,52.876],[11.9905,52.8812],[12.0053,52.8818],[12.0061,52.8875],[12.0226,52.8904],[12.0482,52.8859],[12.0609,52.8882],[12.0675,52.8861],[12.0663,52.8837],[12.0765,52.8864],[12.0837,52.8764],[12.1126,52.8757],[12.1246,52.8936],[12.1285,52.8926],[12.1226,52.8885],[12.1202,52.8755],[12.1331,52.8658],[12.1237,52.8538],[12.1722,52.8647],[12.1969,52.878],[12.21,52.8624],[12.2174,52.866],[12.2341,52.8594],[12.2319,52.8507],[12.2397,52.8437],[12.2373,52.8393],[12.2437,52.8207],[12.2575,52.8049],[12.2525,52.8037],[12.2556,52.7986],[12.2477,52.7965],[12.2492,52.7919],[12.2439,52.7865],[12.2208,52.7897],[12.2235,52.7757],[12.2131,52.7736],[12.2118,52.766],[12.2149,52.764],[12.206,52.7604],[12.2092,52.7532],[12.2199,52.7504],[12.2184,52.7435],[12.2232,52.7397],[12.2013,52.729],[12.206,52.7265],[12.1975,52.7184],[12.2098,52.7176],[12.2039,52.7134],[12.2242,52.7028],[12.2175,52.6998],[12.2217,52.6894],[12.2329,52.689],[12.2268,52.6838],[12.2354,52.6804],[12.2394,52.6717],[12.2393,52.6658],[12.2346,52.6644],[12.2379,52.6625],[12.2338,52.6597],[12.2355,52.6544],[12.2325,52.6536],[12.2377,52.6462],[12.2367,52.641],[12.231,52.6399],[12.2308,52.6298],[12.2369,52.6289],[12.2126,52.6251],[12.2035,52.6187],[12.172,52.6259],[12.1691,52.6168],[12.1756,52.6173],[12.1703,52.6077],[12.1766,52.6065],[12.1734,52.5823],[12.1811,52.5752],[12.1593,52.561],[12.1516,52.5438],[12.1435,52.5369],[12.1418,52.5284],[12.1546,52.5297],[12.1582,52.5342],[12.1739,52.5387],[12.1887,52.5324],[12.1673,52.515],[12.1704,52.507],[12.1847,52.4958],[12.1906,52.4989],[12.2027,52.4975],[12.2122,52.5032],[12.2214,52.5005],[12.2278,52.5059],[12.2238,52.5112],[12.2316,52.5162],[12.231,52.5219],[12.235,52.5238],[12.2578,52.5183],[12.2599,52.5042],[12.2701,52.501],[12.2625,52.4955],[12.27,52.4937],[12.2714,52.4875],[12.2944,52.4925],[12.2971,52.4961],[12.3107,52.4909],[12.3304,52.4964],[12.3277,52.4914],[12.3094,52.4863],[12.3087,52.479],[12.3163,52.4751],[12.3308,52.4786],[12.3253,52.4721],[12.3251,52.4642],[12.3151,52.4605],[12.3167,52.4524],[12.3043,52.4505],[12.3032,52.446],[12.3076,52.4443],[12.3027,52.4345],[12.2893,52.4307],[12.297,52.4238],[12.2745,52.4161],[12.2748,52.4123],[12.2923,52.4075],[12.2994,52.4091],[12.3023,52.405],[12.3033,52.3975],[12.2918,52.3861],[12.2943,52.3814],[12.306,52.3774],[12.3006,52.3711],[12.2861,52.3689],[12.2838,52.3643],[12.3081,52.3447],[12.2628,52.2951],[12.2511,52.2724],[12.2511,52.2642],[12.2547,52.2619],[12.2446,52.2484],[12.2615,52.2461],[12.258,52.2432],[12.2707,52.2417],[12.2753,52.2372],[12.2617,52.2361],[12.2645,52.2335],[12.2838,52.2345],[12.2886,52.2292],[12.2942,52.2297],[12.2788,52.217],[12.2603,52.2165],[12.2489,52.2117],[12.2452,52.2074],[12.2537,52.2056],[12.2418,52.1943],[12.2483,52.1842],[12.2416,52.182],[12.2286,52.186],[12.2168,52.1701],[12.234,52.1628],[12.2313,52.155],[12.2453,52.1387],[12.2632,52.1328],[12.2767,52.104],[12.3158,52.0924],[12.329,52.0696],[12.3481,52.0593],[12.3598,52.0465],[12.3896,52.0436],[12.4302,52.0183],[12.45,52.0162],[12.4608,52.0347],[12.4806,52.0333],[12.485,52.0171],[12.4988,52.0089],[12.5363,52.0029],[12.5394,51.9849],[12.6152,51.9823],[12.6144,51.9917],[12.6447,51.9944],[12.6486,52.0083],[12.6565,52.0129],[12.6692,52.0129],[12.6825,52.0033],[12.7119,51.9999],[12.7296,51.989],[12.7555,51.9864],[12.7743,51.9784],[12.7776,51.9646],[12.8113,51.9626],[12.8442,51.9677],[12.8503,51.9587],[12.8527,51.935],[12.8882,51.9348],[12.8904,51.9284],[12.9175,51.9327],[12.9184,51.9394],[12.9606,51.9349],[12.956,51.9227],[12.9765,51.9199],[12.9727,51.9009],[12.9861,51.9041],[13.0099,51.9028],[13.0218,51.8969],[13.0228,51.9032],[13.0454,51.9005],[13.0485,51.8919],[13.0376,51.8909],[13.0373,51.8803],[13.0292,51.881],[13.0392,51.8709],[13.0805,51.8675],[13.085,51.874],[13.1136,51.8749],[13.119,51.8765],[13.1191,51.8828],[13.1245,51.8829],[13.139,51.8795],[13.1422,51.8726],[13.1496,51.8723],[13.1509,51.8689],[13.1509,51.8596],[13.1235,51.8578],[13.1235,51.8546],[13.1356,51.8328],[13.1422,51.8286],[13.1391,51.8247],[13.1421,51.8207],[13.1485,51.8205],[13.163,51.802],[13.1585,51.7976],[13.1627,51.7931],[13.158,51.7884],[13.1701,51.787],[13.1687,51.7828],[13.16,51.7839],[13.1598,51.7746],[13.1475,51.7666],[13.1558,51.7646],[13.1499,51.7593],[13.1633,51.7549],[13.154,51.7442],[13.1608,51.7399],[13.1641,51.7419],[13.1684,51.7387],[13.1672,51.7354],[13.1795,51.7312],[13.1871,51.7156],[13.1687,51.7187],[13.1701,51.7081],[13.1617,51.713],[13.1551,51.7108],[13.1612,51.6967],[13.1561,51.6947],[13.1625,51.6918],[13.1545,51.6867],[13.0235,51.6373],[13.0179,51.6443],[13.0205,51.6534],[13.0172,51.6596],[13.0116,51.6645],[13.0053,51.6619],[12.9963,51.6692],[12.9778,51.6682],[12.9818,51.6649],[12.9794,51.6632],[12.9668,51.6657],[12.9715,51.6502],[12.9495,51.6494],[12.9524,51.6436],[12.9422,51.638],[12.9281,51.6496],[12.9152,51.6485],[12.9134,51.6441],[12.8975,51.6474],[12.8908,51.654],[12.8952,51.6638],[12.8892,51.6669],[12.8804,51.6591],[12.8658,51.655],[12.8665,51.664],[12.8609,51.6647],[12.8622,51.6738],[12.8568,51.6727],[12.859,51.6762],[12.8439,51.685],[12.8279,51.6822],[12.8318,51.676],[12.8177,51.6704],[12.7925,51.6655],[12.7727,51.6475],[12.7506,51.6499],[12.7174,51.6612],[12.6867,51.662],[12.6665,51.6422],[12.6658,51.6316],[12.6487,51.6251],[12.6491,51.6204],[12.6083,51.6106],[12.6224,51.6164],[12.6292,51.6252],[12.6064,51.6268],[12.5919,51.6184],[12.5913,51.6225],[12.5803,51.6261],[12.5747,51.6154],[12.5628,51.6138],[12.56,51.6085],[12.5417,51.6074],[12.5446,51.6037],[12.5386,51.6024],[12.5345,51.6061],[12.507,51.6085],[12.5035,51.6045],[12.495,51.6041],[12.4975,51.5966],[12.4901,51.5982],[12.482,51.5931],[12.4771,51.5963],[12.4872,51.601],[12.4864,51.6043],[12.4613,51.6032],[12.444,51.6099],[12.4333,51.6058],[12.4382,51.6025],[12.4368,51.5993],[12.4273,51.5993],[12.4254,51.5821],[12.3918,51.5878],[12.3669,51.588],[12.3745,51.5845],[12.3677,51.5831],[12.3375,51.5864],[12.3435,51.5815],[12.3194,51.5776],[12.3206,51.5747],[12.3133,51.5685],[12.2972,51.5667],[12.2932,51.5606],[12.2505,51.5589],[12.2432,51.5669],[12.2329,51.5611],[12.236,51.553],[12.23,51.5528],[12.2313,51.5473],[12.219,51.5465],[12.2222,51.5444],[12.2101,51.5419],[12.2019,51.5313],[12.1928,51.5313],[12.1938,51.5084],[12.1904,51.5078],[12.1963,51.5067],[12.1973,51.5029],[12.2079,51.5026],[12.2083,51.4981],[12.2049,51.4978],[12.207,51.4921],[12.201,51.4903],[12.2031,51.4851],[12.1757,51.4822],[12.1755,51.4697],[12.1489,51.4631],[12.1487,51.4595],[12.1583,51.4512],[12.1584,51.446],[12.1542,51.4444],[12.1576,51.4443],[12.1572,51.4327],[12.1825,51.4324],[12.1859,51.4208],[12.1898,51.4209],[12.1832,51.4108],[12.1735,51.4103],[12.1778,51.404],[12.1749,51.4003],[12.1781,51.3891],[12.1848,51.3876],[12.1721,51.3842],[12.1774,51.3805],[12.1747,51.3794],[12.1777,51.3752],[12.19,51.3795],[12.1895,51.3755],[12.1828,51.3745],[12.1818,51.3685],[12.1929,51.3715],[12.1856,51.366],[12.1861,51.3621],[12.1961,51.3604],[12.1955,51.3544],[12.1903,51.3514],[12.1943,51.3306],[12.1668,51.3268],[12.1648,51.3208],[12.1477,51.32],[12.1576,51.3021],[12.1574,51.2923],[12.1689,51.2938],[12.1723,51.2857],[12.1662,51.2659],[12.1734,51.266],[12.1737,51.2582],[12.1894,51.2576],[12.1932,51.2414],[12.1995,51.2384],[12.1921,51.2369],[12.1956,51.2236],[12.1981,51.2167],[12.2047,51.2142],[12.1896,51.204],[12.1918,51.1957],[12.1856,51.1943],[12.1872,51.1915],[12.1737,51.1901],[12.1748,51.1813],[12.1934,51.1853],[12.2131,51.1835],[12.2085,51.1762],[12.2116,51.1724],[12.2063,51.1713],[12.1972,51.1591],[12.1962,51.1419],[12.2301,51.1362],[12.2416,51.1307],[12.2291,51.1202],[12.2206,51.123],[12.2246,51.1193],[12.2214,51.1098],[12.2531,51.0973],[12.2786,51.0993],[12.2786,51.095],[12.2883,51.0882],[12.2729,51.0749],[12.2656,51.077],[12.2693,51.0718],[12.2585,51.0661],[12.2622,51.0496],[12.2505,51.0445],[12.2503,51.0379],[12.2806,51.0405],[12.287,51.0376],[12.2895,51.0305],[12.2939,51.0313],[12.2917,51.0187],[12.2819,51.0107],[12.2835,51.0064],[12.2779,51.0058],[12.2622,50.9892],[12.2399,50.9757],[12.2323,50.9614],[12.2417,50.9615],[12.2387,50.9515],[12.2146,50.938],[12.2111,50.9496],[12.2153,50.9533],[12.2138,50.9584],[12.198,50.9568],[12.1825,50.9759],[12.1632,50.9665],[12.1661,50.959],[12.1635,50.9586],[12.15,50.9642],[12.1321,50.9613],[12.135,50.965],[12.0922,50.9765],[12.0554,50.9686],[12.0375,50.9729],[12.0141,50.9687],[12.0107,50.9747],[12.0172,50.9791],[12.0143,50.9839],[12.0087,50.9839],[12.0066,50.991],[11.9742,50.9903],[11.9699,50.9943],[11.9685,50.9992],[11.9758,50.9992],[11.9786,51.0037],[11.9747,51.0098],[11.9803,51.0123],[11.9771,51.0165],[11.9583,51.021],[11.9431,51.0324],[11.9215,51.0263],[11.9119,51.0282],[11.9154,51.0379],[11.9109,51.045],[11.8975,51.0453],[11.8967,51.0505],[11.8888,51.0558],[11.8747,51.0571],[11.8631,51.0511],[11.8603,51.0548],[11.8039,51.0472],[11.7746,51.0532],[11.7704,51.0492],[11.7721,51.045],[11.7597,51.0429],[11.7598,51.0478],[11.7462,51.052],[11.7533,51.057],[11.7323,51.0684],[11.7008,51.0694],[11.7018,51.0786],[11.6976,51.0842],[11.7016,51.0858],[11.6934,51.0926],[11.6924,51.0999],[11.6724,51.1029],[11.667,51.1108],[11.6471,51.1073],[11.6382,51.1111],[11.6244,51.1045],[11.6202,51.0974],[11.6162,51.098],[11.62,51.1047],[11.6075,51.1116],[11.5717,51.1194],[11.5582,51.109],[11.5478,51.1117],[11.5456,51.1025],[11.5121,51.108],[11.5106,51.103],[11.4852,51.1025],[11.4839,51.1079],[11.4634,51.1128],[11.4655,51.1274],[11.4599,51.1302],[11.451,51.1467],[11.4719,51.1482],[11.4793,51.1588],[11.4726,51.1609],[11.4749,51.1658],[11.4855,51.168],[11.4708,51.1698],[11.4714,51.1769],[11.4672,51.1805],[11.4703,51.1839],[11.4686,51.1927],[11.4558,51.1954],[11.4524,51.1925],[11.446,51.2081],[11.4309,51.2125],[11.4053,51.2074],[11.4059,51.2027],[11.3994,51.2064],[11.3914,51.2035],[11.388,51.2089],[11.3911,51.2106],[11.3898,51.2175],[11.3648,51.2214],[11.3842,51.2455],[11.4006,51.2429],[11.3978,51.2367],[11.4126,51.2411],[11.42,51.2464],[11.4218,51.2532],[11.4395,51.2634],[11.4413,51.267],[11.437,51.2687],[11.4417,51.2733],[11.4468,51.2711],[11.4561,51.2772],[11.4523,51.28],[11.4599,51.2941],[11.4678,51.2884],[11.4752,51.2981],[11.4498,51.3138],[11.446,51.312],[11.4474,51.3161],[11.4342,51.3204],[11.4281,51.3279],[11.4136,51.3331],[11.4263,51.3362],[11.4288,51.3428],[11.409,51.3401],[11.3994,51.3448],[11.401,51.3494],[11.393,51.3541],[11.3898,51.368],[11.3911,51.3725],[11.3959,51.3729],[11.3969,51.3813],[11.3684,51.3878],[11.3617,51.3831],[11.3574,51.3898],[11.3477,51.3846],[11.3405,51.3924],[11.3308,51.3903],[11.3291,51.4],[11.3213,51.4104],[11.285,51.4022],[11.2752,51.4048],[11.2743,51.4008],[11.2528,51.4007],[11.2485,51.3951],[11.2441,51.397],[11.2479,51.4054],[11.2302,51.4057],[11.2239,51.4132],[11.2095,51.4117],[11.2077,51.4067],[11.1969,51.408],[11.1924,51.4029],[11.1769,51.4063],[11.1418,51.4026],[11.1257,51.4081],[11.1276,51.4133],[11.1164,51.411],[11.1166,51.4157],[11.0614,51.4298],[11.046,51.4263],[11.0499,51.4202],[11.0402,51.4246],[11.0187,51.4171],[10.992,51.4179],[11.0107,51.4253],[11.0079,51.4293],[10.9781,51.4269],[10.9797,51.4319],[10.9667,51.4324],[10.9709,51.442],[10.9667,51.4455],[10.9727,51.4537],[10.9683,51.4544],[10.9697,51.4589],[10.963,51.4604],[10.9608,51.4712],[10.9729,51.482],[10.9521,51.4954],[10.9538,51.4981],[10.9486,51.5016],[10.9397,51.5007],[10.9451,51.5062],[10.9362,51.5115],[10.9347,51.5178],[10.9313,51.5181],[10.9338,51.5192],[10.9273,51.5209],[10.9329,51.5215],[10.9352,51.5332],[10.9478,51.5333],[10.948,51.5376],[10.9167,51.5471],[10.9112,51.5556],[10.9045,51.5496],[10.9005,51.5507],[10.8952,51.557],[10.9002,51.5644],[10.893,51.5711],[10.8939,51.5764],[10.8821,51.5805],[10.8945,51.6018],[10.9033,51.5938],[10.9305,51.5917],[10.9371,51.6035],[10.9141,51.6102],[10.921,51.6137],[10.922,51.6184],[10.9015,51.6119],[10.8866,51.6121],[10.8586,51.6329],[10.8337,51.6307],[10.8226,51.6235],[10.8182,51.639],[10.7723,51.6443],[10.7645,51.649],[10.7494,51.6403],[10.7371,51.6451],[10.7091,51.6407],[10.696,51.643],[10.6829,51.6606],[10.6705,51.6669],[10.6631,51.6912],[10.6726,51.697],[10.6683,51.7099],[10.642,51.7253],[10.6429,51.7303],[10.6317,51.7395],[10.6313,51.7515],[10.6261,51.759],[10.593,51.7677],[10.5804,51.7828],[10.5851,51.7876],[10.5842,51.7978],[10.5742,51.8111],[10.5787,51.8287],[10.5884,51.8358],[10.577,51.843],[10.5791,51.8483],[10.5845,51.8531],[10.6026,51.8545],[10.616,51.8697],[10.6329,51.8725],[10.6504,51.8913],[10.6489,51.9072],[10.6404,51.9147],[10.6133,51.9215],[10.6181,51.9315],[10.6133,51.9395],[10.6225,51.9475],[10.6475,51.9536],[10.6513,51.9576],[10.6417,51.9626],[10.6199,51.9577],[10.6196,51.9669],[10.6062,51.9687],[10.6062,51.9773],[10.5857,51.9762],[10.5868,51.9827],[10.5612,52.0041],[10.5747,52.0064],[10.5749,52.0109],[10.5916,52.0113],[10.5923,52.0142],[10.5966,52.0144],[10.5958,52.0101],[10.6002,52.0072],[10.626,52.0082],[10.6214,52.0103],[10.639,52.0153],[10.6422,52.0229],[10.6555,52.0247],[10.6569,52.0285],[10.6479,52.0417],[10.6874,52.0481],[10.7221,52.0497],[10.7602,52.0461],[10.7828,52.0505],[10.8287,52.0477],[10.855,52.0509],[10.8812,52.0593],[10.9644,52.0566],[10.973,52.0731],[10.9707,52.0863],[10.9425,52.0941],[10.9422,52.1031],[10.9769,52.1057],[11.0092,52.1199],[11.0175,52.1283],[11.0454,52.1347],[11.045,52.1436],[11.0604,52.1535],[11.0546,52.1603],[11.061,52.1648],[11.0603,52.1724],[11.0359,52.1717],[11.0192,52.1781],[11.0132,52.1859],[11.0136,52.1996],[11.0246,52.2011],[11.0214,52.205],[11.0294,52.2114],[11.0772,52.2187],[11.0789,52.2246],[11.0862,52.2286],[11.0733,52.2432],[11.0589,52.2407],[11.0524,52.2537],[11.0563,52.2587],[11.0511,52.2628],[11.0522,52.2674],[11.0429,52.272],[11.0291,52.2701],[11.0138,52.2866],[11.0125,52.2913],[11.0392,52.3017],[11.0356,52.3034],[11.036,52.3104],[11.0116,52.3282],[11.0011,52.3275],[11.0048,52.3307],[11.0021,52.3366],[10.9879,52.335],[10.9837,52.3417],[11.023,52.3474],[11.0236,52.3442],[11.0374,52.3447],[11.0439,52.3493],[11.0575,52.3503],[11.0616,52.3575],[11.0638,52.3542],[11.0687,52.3555],[11.067,52.3699],[11.0745,52.3744],[11.0688,52.3765],[11.0665,52.3732],[11.0468,52.3879],[11.039,52.3889],[11.0419,52.3864],[11.0363,52.3852],[11.0229,52.3926],[11.0152,52.3881],[11.0187,52.397],[11.0056,52.4089],[10.9916,52.4133],[10.9946,52.4151],[10.9894,52.4203],[10.9623,52.4347],[10.9478,52.4539],[10.9337,52.461],[10.9346,52.4762],[10.941,52.4766],[10.9436,52.4923],[10.95,52.4956],[10.9748,52.5014],[10.9829,52.4969],[11.0088,52.4967],[10.9594,52.5352],[10.9423,52.5559],[10.9376,52.5674],[10.9417,52.5797],[10.9474,52.5826],[10.9398,52.5896],[10.9533,52.5929],[10.9595,52.5999],[10.9756,52.6068],[10.977,52.6241],[10.9642,52.6259],[10.9456,52.6202],[10.9438,52.6151],[10.9214,52.6099],[10.925,52.6146],[10.9151,52.6176],[10.9131,52.6241],[10.9044,52.6275],[10.8969,52.6427],[10.879,52.656],[10.8778,52.6638],[10.8594,52.6748],[10.8375,52.6958],[10.8331,52.7009],[10.8362,52.7077],[10.8297,52.7161],[10.7967,52.7143],[10.7933,52.73],[10.7881,52.7338],[10.7917,52.7482],[10.7876,52.753],[10.7762,52.7548],[10.7755,52.7624],[10.7553,52.7848],[10.7617,52.8023],[10.7569,52.8198],[10.7667,52.8262],[10.764,52.8302],[10.7717,52.8339],[10.7647,52.8405],[10.7961,52.8436],[10.8006,52.8503],[10.8348,52.8475],[10.8416,52.8522],[10.8604,52.8517],[10.8661,52.8557],[10.8847,52.8458],[10.8929,52.848],[10.8957,52.8564],[10.9396,52.8533],[10.9679,52.8757],[10.9681,52.8793],[10.9741,52.8774],[10.9855,52.882],[10.9901,52.8882],[10.989,52.8987],[10.9926,52.9065],[11.0021,52.9115],[11.039,52.9134],[11.0644,52.9094],[11.0987,52.9129],[11.0932,52.8995],[11.1064,52.8962],[11.1389,52.8983],[11.1547,52.9019],[11.1553,52.9062],[11.2206,52.8977],[11.2192,52.8927],[11.2358,52.8886],[11.2411,52.879],[11.2672,52.8801],[11.2766,52.8875],[11.2907,52.8891],[11.2942,52.8871],[11.2954,52.8749],[11.3143,52.8782],[11.3848,52.9036],[11.4066,52.9041],[11.4261,52.9199],[11.4329,52.9197],[11.4701,52.9389],[11.505,52.941],[11.4923,52.9597],[11.5064,52.9997],[11.5125,53.0074],[11.5264,53.0083],[11.5434,52.9995],[11.5564,52.9987],[11.5604,53.0038],[11.5521,53.0047],[11.5592,53.0131],[11.5637,53.0128],[11.5978,53.0359],[11.6307,53.0416],[11.6419,53.0341],[11.627,53.0217],[11.6263,53.0126]],[[12.2223,52.8625],[12.2213,52.8638],[12.2182,52.8624],[12.2171,52.862],[12.2168,52.8607],[12.2173,52.8604],[12.2176,52.8601],[12.2191,52.8609],[12.2223,52.8625]]]]}},{"type":"Feature","properties":{"id":"16","ars":"16","gen":"Thüringen"},"geometry":{"type":"MultiPolygon","coordinates":[[[[12.2835,51.0919],[12.2908,51.091],[12.3048,51.0975],[12.3185,51.0938],[12.3316,51.1038],[12.3566,51.0943],[12.3536,51.0846],[12.3724,51.0775],[12.393,51.0841],[12.4104,51.0729],[12.421,51.0781],[12.4507,51.0773],[12.4531,51.0835],[12.4584,51.0846],[12.4629,51.0669],[12.468,51.0678],[12.4695,51.0642],[12.4964,51.0662],[12.5045,51.0608],[12.5086,51.0531],[12.5019,51.0517],[12.5029,51.0349],[12.5125,51.0264],[12.5074,51.0173],[12.5163,51.0182],[12.5144,51.0269],[12.5182,51.0273],[12.5189,51.0229],[12.5389,51.0243],[12.5348,51.0156],[12.5402,51.0057],[12.5265,51.0015],[12.5283,50.9983],[12.5558,50.9975],[12.5838,50.9818],[12.5793,50.9851],[12.581,50.9892],[12.6075,50.9967],[12.6073,50.9908],[12.6164,50.9853],[12.6213,50.9758],[12.6301,50.9425],[12.6244,50.9397],[12.6314,50.9401],[12.6376,50.9331],[12.6422,50.9332],[12.6417,50.9288],[12.6529,50.9237],[12.6541,50.9191],[12.6413,50.9114],[12.6401,50.9031],[12.6201,50.9094],[12.6148,50.9048],[12.5734,50.9011],[12.5602,50.9061],[12.5382,50.9007],[12.5253,50.9027],[12.5213,50.9076],[12.5079,50.9037],[12.5111,50.8941],[12.4867,50.8939],[12.4802,50.8905],[12.4822,50.8887],[12.4593,50.8804],[12.464,50.8701],[12.4484,50.8674],[12.4442,50.8626],[12.4482,50.8562],[12.4411,50.8494],[12.4425,50.844],[12.4375,50.8424],[12.4293,50.8442],[12.4202,50.8396],[12.4116,50.8474],[12.4181,50.8554],[12.413,50.8569],[12.4073,50.857],[12.4029,50.8492],[12.377,50.849],[12.3784,50.8537],[12.3741,50.8532],[12.3749,50.8488],[12.3483,50.8375],[12.3476,50.8236],[12.3069,50.8188],[12.2986,50.8299],[12.2959,50.8283],[12.3024,50.8172],[12.2957,50.8169],[12.2897,50.824],[12.2857,50.8203],[12.2861,50.8119],[12.2781,50.8096],[12.277,50.8179],[12.2727,50.8164],[12.275,50.8136],[12.2598,50.8115],[12.2505,50.8185],[12.2509,50.815],[12.2428,50.8091],[12.2535,50.7995],[12.2502,50.7991],[12.2548,50.7951],[12.2532,50.7888],[12.2876,50.7896],[12.2902,50.7834],[12.284,50.7735],[12.2639,50.7605],[12.2407,50.7672],[12.2287,50.7575],[12.2267,50.7416],[12.2302,50.7435],[12.227,50.7382],[12.2379,50.733],[12.2648,50.7375],[12.2734,50.7282],[12.2534,50.7157],[12.2649,50.7037],[12.2628,50.6953],[12.2748,50.6861],[12.3189,50.684],[12.322,50.6814],[12.3142,50.6696],[12.3177,50.6634],[12.3035,50.6623],[12.2989,50.6517],[12.2797,50.6478],[12.2813,50.6446],[12.2643,50.6434],[12.2655,50.6308],[12.2446,50.6333],[12.2332,50.627],[12.2306,50.6327],[12.2264,50.6298],[12.2168,50.6315],[12.2075,50.6399],[12.1982,50.6413],[12.1997,50.6329],[12.1882,50.6231],[12.1921,50.6193],[12.1908,50.6144],[12.1828,50.6121],[12.1747,50.6145],[12.1781,50.6186],[12.1704,50.6292],[12.1536,50.6305],[12.1464,50.626],[12.1508,50.6156],[12.1452,50.6097],[12.1472,50.6061],[12.1149,50.597],[12.1102,50.5887],[12.1247,50.5844],[12.1312,50.5881],[12.1264,50.584],[12.1352,50.5821],[12.1561,50.5856],[12.1607,50.5801],[12.156,50.5735],[12.1277,50.5741],[12.1228,50.5675],[12.1158,50.5669],[12.1015,50.5789],[12.0836,50.5786],[12.0781,50.5766],[12.0791,50.5693],[12.0747,50.5668],[12.0766,50.558],[12.0521,50.551],[12.0412,50.5535],[12.0303,50.5494],[12.0337,50.5532],[12.0283,50.5539],[12.0322,50.555],[12.031,50.5578],[12.0175,50.5678],[12.0356,50.5814],[12.0311,50.5842],[12.0361,50.5939],[12.0313,50.5982],[12.021,50.5986],[12.0048,50.6138],[12.0214,50.6272],[12.0104,50.6355],[12.0039,50.6348],[11.9987,50.6271],[11.9793,50.6214],[11.9888,50.6107],[11.9677,50.6001],[11.96,50.6045],[11.9497,50.5939],[11.9236,50.5857],[11.9337,50.5685],[11.9231,50.5608],[11.926,50.5568],[11.9205,50.5556],[11.9177,50.5607],[11.9139,50.5551],[11.8852,50.5519],[11.8715,50.5398],[11.8882,50.5167],[11.9185,50.517],[11.9168,50.5254],[11.9189,50.5224],[11.9253,50.5263],[11.931,50.523],[11.9302,50.5129],[11.934,50.506],[11.9399,50.503],[11.9438,50.5056],[11.9648,50.4849],[11.9592,50.4787],[11.9465,50.4794],[11.9377,50.4717],[11.944,50.4711],[11.9411,50.4683],[11.9437,50.4644],[11.9484,50.4654],[11.9428,50.4596],[11.9508,50.4541],[11.9319,50.4642],[11.9277,50.4592],[11.9203,50.4601],[11.919,50.4543],[11.9049,50.4544],[11.895,50.4495],[11.8947,50.4441],[11.8885,50.4436],[11.8996,50.4352],[11.9269,50.4331],[11.9242,50.4263],[11.9104,50.4222],[11.9061,50.4172],[11.8824,50.4146],[11.8658,50.4007],[11.8524,50.4017],[11.8235,50.3897],[11.8184,50.3936],[11.8279,50.4001],[11.8255,50.4044],[11.8174,50.4006],[11.7974,50.4173],[11.7865,50.4153],[11.7803,50.4188],[11.7726,50.4115],[11.7508,50.4145],[11.7621,50.4054],[11.7445,50.4106],[11.7147,50.3966],[11.7078,50.4039],[11.6831,50.3927],[11.6482,50.3921],[11.6246,50.3869],[11.5943,50.4026],[11.5732,50.4001],[11.5601,50.3841],[11.5462,50.3841],[11.5199,50.3743],[11.5189,50.3957],[11.503,50.3996],[11.4899,50.3968],[11.4787,50.4012],[11.4793,50.4072],[11.4881,50.4158],[11.4806,50.4255],[11.4816,50.4316],[11.4632,50.4322],[11.4434,50.4208],[11.4513,50.431],[11.4405,50.4386],[11.4206,50.4434],[11.4193,50.4542],[11.4236,50.4623],[11.4155,50.4681],[11.4205,50.4743],[11.4181,50.4819],[11.4265,50.4845],[11.4215,50.4864],[11.4188,50.4935],[11.436,50.4922],[11.441,50.5004],[11.4246,50.5159],[11.4042,50.5163],[11.3931,50.5206],[11.3876,50.5156],[11.3698,50.5232],[11.3466,50.5215],[11.343,50.5185],[11.347,50.5116],[11.3214,50.5086],[11.3231,50.4912],[11.3009,50.4884],[11.3017,50.485],[11.291,50.4753],[11.2891,50.4856],[11.2664,50.4791],[11.2515,50.4807],[11.2451,50.4708],[11.2549,50.4564],[11.2471,50.4489],[11.2632,50.4429],[11.2681,50.4313],[11.2689,50.4195],[11.2581,50.4],[11.2709,50.3942],[11.2646,50.3913],[11.2643,50.387],[11.2761,50.3809],[11.2843,50.3603],[11.2624,50.3524],[11.2662,50.352],[11.2771,50.336],[11.2613,50.3379],[11.2625,50.3254],[11.2565,50.3223],[11.2703,50.3067],[11.252,50.2993],[11.2518,50.2935],[11.2602,50.2871],[11.2574,50.2842],[11.2598,50.2749],[11.2501,50.2682],[11.2144,50.2809],[11.2161,50.2842],[11.1978,50.2919],[11.1871,50.2696],[11.174,50.2713],[11.1837,50.2809],[11.1655,50.2823],[11.1585,50.2892],[11.1538,50.2835],[11.1459,50.285],[11.1416,50.2892],[11.1432,50.2934],[11.1332,50.3002],[11.1318,50.3081],[11.1385,50.3164],[11.1582,50.3238],[11.1592,50.3304],[11.1361,50.3497],[11.1391,50.3535],[11.1267,50.3562],[11.1217,50.349],[11.1168,50.3493],[11.114,50.3525],[11.1193,50.3593],[11.1153,50.367],[11.0897,50.3659],[11.082,50.3539],[11.0858,50.352],[11.0736,50.3537],[11.043,50.3447],[11.0369,50.3452],[11.0324,50.3515],[11.0435,50.3522],[11.0317,50.3551],[11.0362,50.3587],[11.0334,50.3614],[10.9935,50.3655],[10.9941,50.3535],[10.9995,50.352],[10.9964,50.3467],[10.9858,50.3473],[10.9567,50.3685],[10.9627,50.3719],[10.9618,50.3776],[10.9597,50.3753],[10.9484,50.3818],[10.9376,50.3919],[10.8989,50.3847],[10.8931,50.3803],[10.8849,50.3885],[10.8872,50.3926],[10.8727,50.3968],[10.8618,50.3877],[10.8304,50.3926],[10.8043,50.3791],[10.7859,50.3854],[10.7738,50.372],[10.7629,50.3697],[10.7545,50.3582],[10.7153,50.3636],[10.7179,50.3555],[10.7125,50.3546],[10.7143,50.3463],[10.7202,50.3496],[10.7289,50.3479],[10.7281,50.3381],[10.715,50.333],[10.7154,50.3212],[10.7369,50.3142],[10.7418,50.3159],[10.7707,50.2927],[10.7942,50.2954],[10.8026,50.292],[10.8039,50.2798],[10.8263,50.2779],[10.8359,50.2731],[10.8464,50.2751],[10.8522,50.2534],[10.8477,50.245],[10.824,50.2375],[10.8073,50.2402],[10.8006,50.2514],[10.7818,50.2513],[10.7844,50.2485],[10.7696,50.2408],[10.7498,50.2425],[10.7461,50.2438],[10.7482,50.2478],[10.7322,50.2518],[10.7265,50.2476],[10.7298,50.2449],[10.7262,50.2409],[10.7312,50.2127],[10.7244,50.2061],[10.7166,50.2048],[10.709,50.2103],[10.6958,50.2118],[10.6876,50.2191],[10.6867,50.2259],[10.6637,50.2215],[10.6575,50.2237],[10.6623,50.2266],[10.659,50.2307],[10.635,50.2229],[10.612,50.2241],[10.5971,50.2462],[10.6113,50.2491],[10.605,50.259],[10.5978,50.2626],[10.6073,50.2713],[10.591,50.2718],[10.5933,50.278],[10.6016,50.2827],[10.5975,50.2892],[10.6053,50.2935],[10.5924,50.3081],[10.5923,50.3172],[10.6006,50.3337],[10.5834,50.3324],[10.5585,50.3389],[10.5498,50.3493],[10.5549,50.3547],[10.5534,50.3578],[10.5444,50.3645],[10.531,50.3651],[10.5304,50.361],[10.5267,50.3615],[10.5236,50.3548],[10.5146,50.3499],[10.5125,50.3598],[10.5033,50.3532],[10.499,50.3577],[10.4924,50.3551],[10.486,50.3631],[10.4929,50.3622],[10.4944,50.3694],[10.4906,50.3688],[10.4873,50.3753],[10.4735,50.3725],[10.4671,50.3776],[10.4637,50.376],[10.4585,50.3832],[10.4596,50.3877],[10.453,50.3929],[10.4533,50.4015],[10.4495,50.403],[10.438,50.4012],[10.4379,50.3955],[10.4237,50.3925],[10.3965,50.3969],[10.3945,50.3937],[10.3877,50.3982],[10.3839,50.4086],[10.3901,50.4099],[10.4038,50.4248],[10.3928,50.4269],[10.3925,50.4303],[10.3707,50.4318],[10.3724,50.4371],[10.3813,50.4389],[10.3673,50.4388],[10.3567,50.4552],[10.3482,50.4626],[10.3362,50.4659],[10.3414,50.483],[10.3327,50.4871],[10.3306,50.4943],[10.3066,50.4921],[10.2746,50.5059],[10.2677,50.5042],[10.2562,50.5128],[10.2437,50.515],[10.2308,50.5118],[10.2258,50.5187],[10.232,50.5311],[10.2248,50.5304],[10.2216,50.5387],[10.2083,50.5406],[10.2039,50.5547],[10.1779,50.5517],[10.1754,50.5429],[10.1503,50.5519],[10.1469,50.5431],[10.1391,50.543],[10.1207,50.5559],[10.1273,50.5595],[10.1194,50.5642],[10.1071,50.5637],[10.0995,50.5582],[10.0985,50.5522],[10.094,50.5536],[10.0898,50.5448],[10.0747,50.5399],[10.0685,50.5299],[10.0718,50.5277],[10.0665,50.529],[10.0413,50.5165],[10.0397,50.5326],[10.0479,50.5394],[10.0472,50.5455],[10.0618,50.5567],[10.0525,50.5611],[10.0454,50.5735],[10.0498,50.5847],[10.0488,50.5986],[10.0403,50.6045],[10.0372,50.6129],[10.0575,50.6261],[10.0723,50.6196],[10.081,50.62],[10.083,50.6337],[10.0786,50.6347],[10.07,50.6559],[10.0511,50.6729],[10.002,50.6766],[9.9895,50.6746],[9.9736,50.6659],[9.9515,50.6659],[9.9476,50.6623],[9.9509,50.6603],[9.9497,50.6559],[9.9689,50.6413],[9.9603,50.6355],[9.9607,50.6295],[9.9297,50.629],[9.9061,50.6404],[9.8861,50.6339],[9.8786,50.6348],[9.8773,50.6387],[9.8844,50.6523],[9.8796,50.6665],[9.8813,50.6734],[9.8947,50.6837],[9.9062,50.6842],[9.9155,50.6937],[9.924,50.6951],[9.9089,50.7045],[9.9352,50.7241],[9.9358,50.734],[9.9414,50.7418],[9.9386,50.7437],[9.9396,50.7559],[9.9201,50.7596],[9.9289,50.7696],[9.9255,50.7747],[9.9284,50.7766],[9.9372,50.7741],[9.9487,50.7787],[9.9433,50.7712],[9.9523,50.7736],[9.9541,50.7794],[9.9498,50.7804],[9.9551,50.7856],[9.9436,50.7977],[9.9567,50.8096],[9.9564,50.8161],[9.9502,50.8152],[9.9523,50.8214],[9.9768,50.8333],[9.998,50.8265],[10.0068,50.8377],[10.0231,50.8316],[10.0285,50.8358],[10.0268,50.8413],[10.0378,50.8453],[10.0386,50.8531],[10.0219,50.8479],[10.0187,50.8557],[10.0219,50.8645],[10.056,50.8798],[10.0599,50.8858],[10.0562,50.8874],[10.0584,50.8902],[10.0525,50.8926],[10.0535,50.8901],[10.0479,50.8888],[10.042,50.8933],[10.0509,50.9001],[10.0407,50.9015],[10.035,50.91],[10.0249,50.9118],[10.0156,50.9206],[10.0037,50.9216],[9.9845,50.907],[9.9715,50.9074],[9.9696,50.9135],[9.9819,50.9199],[9.992,50.9345],[9.9656,50.9336],[9.9661,50.9288],[9.9571,50.9226],[9.9497,50.9265],[9.9566,50.9337],[9.9501,50.9423],[9.9751,50.9434],[9.9821,50.9391],[9.9916,50.9409],[9.991,50.9436],[9.9993,50.9366],[10.0034,50.9406],[10.0136,50.9347],[10.0249,50.9438],[10.0294,50.9381],[10.0623,50.9438],[10.0612,50.948],[10.043,50.9485],[10.0457,50.9503],[10.0427,50.9565],[10.0322,50.9596],[10.0409,50.9675],[10.0191,50.9817],[10.0235,50.9844],[10.0211,50.9939],[10.0277,51.0065],[10.0364,51.0124],[10.0735,51.0114],[10.1035,51.0034],[10.1083,51.0092],[10.1208,51.0117],[10.1331,51.0048],[10.1274,51.0015],[10.1316,50.9969],[10.1469,50.9938],[10.1662,50.9976],[10.1691,51.0019],[10.1733,51.0001],[10.171,50.9962],[10.1908,50.9991],[10.2029,51.0081],[10.2012,51.0139],[10.1926,51.0185],[10.2086,51.019],[10.2152,51.0264],[10.2029,51.0316],[10.2047,51.0348],[10.1988,51.0401],[10.1848,51.0457],[10.1847,51.049],[10.1711,51.0492],[10.1406,51.0585],[10.147,51.0614],[10.1443,51.066],[10.1552,51.0704],[10.1447,51.0848],[10.1657,51.0995],[10.1591,51.1052],[10.1604,51.1081],[10.1755,51.1069],[10.1746,51.1169],[10.1538,51.1185],[10.1462,51.1258],[10.14,51.1247],[10.1308,51.1352],[10.1183,51.1396],[10.1278,51.1438],[10.1257,51.1463],[10.1466,51.1446],[10.1681,51.153],[10.1763,51.1473],[10.1775,51.1417],[10.1849,51.1411],[10.1852,51.1325],[10.1785,51.1308],[10.1792,51.1276],[10.1896,51.122],[10.1895,51.1168],[10.2,51.113],[10.2107,51.1229],[10.2038,51.1357],[10.2107,51.1425],[10.2004,51.1499],[10.2078,51.1548],[10.2073,51.1649],[10.2298,51.1749],[10.236,51.1848],[10.197,51.1921],[10.197,51.1965],[10.1877,51.2042],[10.1684,51.2122],[10.1498,51.2062],[10.1438,51.2129],[10.1454,51.2181],[10.1384,51.2201],[10.1132,51.2152],[10.1063,51.2216],[10.0935,51.2215],[10.0903,51.2267],[10.0764,51.2237],[10.0687,51.2266],[10.0708,51.2381],[10.079,51.2428],[10.0671,51.2449],[10.0691,51.2467],[10.0619,51.2526],[10.047,51.2534],[10.0501,51.2587],[10.0466,51.2645],[10.0575,51.2677],[10.0599,51.2759],[10.0414,51.2804],[10.03,51.2779],[10.0043,51.287],[9.973,51.2844],[9.9764,51.2912],[9.9705,51.2947],[9.9699,51.3003],[9.9397,51.307],[9.9488,51.317],[9.9476,51.3264],[9.9434,51.3345],[9.9299,51.34],[9.9328,51.346],[9.9255,51.3538],[9.9233,51.368],[9.9283,51.3753],[9.942,51.3784],[9.9659,51.3955],[9.9874,51.3979],[9.994,51.4039],[10.0004,51.4037],[10.0008,51.4078],[10.0076,51.411],[10.0093,51.4206],[10.0378,51.42],[10.0428,51.4276],[10.0514,51.4303],[10.0468,51.4367],[10.0588,51.4349],[10.0601,51.4277],[10.0656,51.425],[10.0645,51.4198],[10.0691,51.4184],[10.0796,51.4253],[10.0801,51.4346],[10.1169,51.4302],[10.1318,51.4355],[10.1404,51.4297],[10.1504,51.4294],[10.1545,51.4315],[10.1411,51.4372],[10.14,51.4426],[10.1522,51.4471],[10.1558,51.4436],[10.1588,51.4468],[10.1743,51.4463],[10.1802,51.4558],[10.1772,51.4574],[10.186,51.4622],[10.1783,51.47],[10.202,51.4865],[10.2182,51.4785],[10.2153,51.4771],[10.2169,51.4701],[10.2267,51.4738],[10.2332,51.4708],[10.2378,51.4775],[10.2437,51.4786],[10.2447,51.4837],[10.2728,51.4882],[10.2732,51.4914],[10.2844,51.4944],[10.2997,51.4939],[10.2999,51.505],[10.3088,51.5151],[10.3423,51.5195],[10.3481,51.5322],[10.3677,51.543],[10.3722,51.553],[10.3654,51.5559],[10.3786,51.5627],[10.3788,51.5794],[10.3693,51.587],[10.3721,51.5879],[10.4063,51.5865],[10.4292,51.5925],[10.4444,51.5897],[10.451,51.584],[10.467,51.5834],[10.4957,51.5728],[10.5103,51.5562],[10.519,51.5538],[10.5341,51.5594],[10.5455,51.5557],[10.5603,51.5571],[10.5879,51.5676],[10.6043,51.5796],[10.6216,51.5758],[10.628,51.5721],[10.6266,51.5678],[10.6365,51.5622],[10.6568,51.5583],[10.6663,51.5781],[10.6387,51.5841],[10.6332,51.6073],[10.649,51.6065],[10.6393,51.6156],[10.6402,51.622],[10.6825,51.6289],[10.6758,51.6332],[10.6773,51.6384],[10.7263,51.6449],[10.7494,51.6403],[10.7645,51.649],[10.7723,51.6443],[10.8182,51.639],[10.8226,51.6235],[10.8337,51.6307],[10.8586,51.6329],[10.8866,51.6121],[10.9015,51.6119],[10.922,51.6184],[10.921,51.6137],[10.9141,51.6102],[10.9371,51.6035],[10.9305,51.5917],[10.9033,51.5938],[10.8945,51.6018],[10.8821,51.5805],[10.8939,51.5764],[10.893,51.5711],[10.9002,51.5644],[10.8952,51.557],[10.9005,51.5507],[10.9045,51.5496],[10.9112,51.5556],[10.9167,51.5471],[10.948,51.5376],[10.9478,51.5333],[10.9352,51.5332],[10.9329,51.5215],[10.9273,51.5209],[10.9338,51.5192],[10.9313,51.5181],[10.9347,51.5178],[10.9362,51.5115],[10.9451,51.5062],[10.9397,51.5007],[10.9486,51.5016],[10.9538,51.4981],[10.9521,51.4954],[10.9729,51.482],[10.9608,51.4712],[10.963,51.4604],[10.9697,51.4589],[10.9683,51.4544],[10.9727,51.4537],[10.9667,51.4455],[10.9709,51.442],[10.9667,51.4324],[10.9797,51.4319],[10.9781,51.4269],[11.0079,51.4293],[11.0107,51.4253],[10.992,51.4179],[11.0187,51.4171],[11.0402,51.4246],[11.0499,51.4202],[11.046,51.4263],[11.0614,51.4298],[11.1166,51.4157],[11.1164,51.411],[11.1276,51.4133],[11.1257,51.4081],[11.1418,51.4026],[11.1769,51.4063],[11.1924,51.4029],[11.1969,51.408],[11.2077,51.4067],[11.2095,51.4117],[11.2239,51.4132],[11.2302,51.4057],[11.2479,51.4054],[11.2441,51.397],[11.2485,51.3951],[11.2528,51.4007],[11.2743,51.4008],[11.2752,51.4048],[11.285,51.4022],[11.3213,51.4104],[11.3291,51.4],[11.3308,51.3903],[11.3405,51.3924],[11.3477,51.3846],[11.3574,51.3898],[11.3617,51.3831],[11.3684,51.3878],[11.3969,51.3813],[11.3959,51.3729],[11.3911,51.3725],[11.3898,51.368],[11.393,51.3541],[11.401,51.3494],[11.3994,51.3448],[11.409,51.3401],[11.4288,51.3428],[11.4263,51.3362],[11.4136,51.3331],[11.4281,51.3279],[11.4342,51.3204],[11.4474,51.3161],[11.446,51.312],[11.4498,51.3138],[11.4752,51.2981],[11.4678,51.2884],[11.4599,51.2941],[11.4523,51.28],[11.4561,51.2772],[11.4468,51.2711],[11.4417,51.2733],[11.437,51.2687],[11.4413,51.267],[11.4395,51.2634],[11.4218,51.2532],[11.42,51.2464],[11.4126,51.2411],[11.3978,51.2367],[11.4006,51.2429],[11.3842,51.2455],[11.3648,51.2214],[11.3898,51.2175],[11.3911,51.2106],[11.388,51.2089],[11.3914,51.2035],[11.3994,51.2064],[11.4059,51.2027],[11.4053,51.2074],[11.4309,51.2125],[11.446,51.2081],[11.4524,51.1925],[11.4558,51.1954],[11.4686,51.1927],[11.4703,51.1839],[11.4672,51.1805],[11.4714,51.1769],[11.4708,51.1698],[11.4853,51.1656],[11.4749,51.1658],[11.4726,51.1609],[11.4793,51.1588],[11.4719,51.1482],[11.451,51.1467],[11.4599,51.1302],[11.4655,51.1274],[11.4634,51.1128],[11.4839,51.1079],[11.4852,51.1025],[11.5106,51.103],[11.5121,51.108],[11.5456,51.1025],[11.5478,51.1117],[11.5582,51.109],[11.5717,51.1194],[11.6075,51.1116],[11.62,51.1047],[11.6162,51.098],[11.6202,51.0974],[11.6244,51.1045],[11.6382,51.1111],[11.6471,51.1073],[11.667,51.1108],[11.6724,51.1029],[11.6924,51.0999],[11.6934,51.0926],[11.7016,51.0858],[11.6976,51.0842],[11.7018,51.0786],[11.7008,51.0694],[11.7323,51.0684],[11.7533,51.057],[11.7462,51.052],[11.7598,51.0478],[11.7597,51.0429],[11.7721,51.045],[11.7704,51.0492],[11.7746,51.0532],[11.8039,51.0472],[11.8603,51.0548],[11.8631,51.0511],[11.8747,51.0571],[11.8888,51.0558],[11.8967,51.0505],[11.8975,51.0453],[11.9109,51.045],[11.9154,51.0379],[11.9119,51.0282],[11.9215,51.0263],[11.9431,51.0324],[11.9583,51.021],[11.9771,51.0165],[11.9803,51.0123],[11.9747,51.0098],[11.9786,51.0037],[11.9758,50.9992],[11.9685,50.9992],[11.9699,50.9943],[11.9742,50.9903],[12.0066,50.991],[12.0087,50.9839],[12.0143,50.9839],[12.0172,50.9791],[12.0107,50.9747],[12.0141,50.9687],[12.0375,50.9729],[12.0554,50.9686],[12.0922,50.9765],[12.135,50.965],[12.1321,50.9613],[12.15,50.9642],[12.1635,50.9586],[12.1661,50.959],[12.1632,50.9665],[12.1825,50.9759],[12.198,50.9568],[12.2138,50.9584],[12.2153,50.9533],[12.2111,50.9496],[12.2146,50.938],[12.2387,50.9515],[12.2417,50.9615],[12.2323,50.9614],[12.2399,50.9757],[12.2622,50.9892],[12.2779,51.0058],[12.2835,51.0064],[12.2825,51.0117],[12.293,51.0216],[12.2939,51.0313],[12.2895,51.0305],[12.287,51.0376],[12.2814,51.0402],[12.2503,51.0379],[12.2505,51.0445],[12.2622,51.0496],[12.2585,51.0661],[12.2693,51.0718],[12.2656,51.077],[12.2729,51.0749],[12.2883,51.0882],[12.2835,51.0919]],[[11.4468,51.1945],[11.4466,51.1989],[11.4394,51.1998],[11.4468,51.1945]]]]}}]}
